str_id,numatom,energy,finalspacegroup,E-Emin,E_form_fu
POSCAR_24_atoms_24_117,24,-9.7639009775,10,0.0,0.009031378333332896
POSCAR_24_atoms_24_1093,24,-9.762439319583333,10,0.0014616579166677466,0.01195469416666839
POSCAR_24_atoms_24_952,24,-9.758300302916666,10,0.005600674583334353,0.0202327275000016
POSCAR_24_atoms_24_295,24,-9.755808644166667,12,0.008092333333333812,0.02521604500000052
POSCAR_24_atoms_24_455,24,-9.755475626666668,2,0.008425350833332956,0.025882079999998808
POSCAR_24_atoms_24_646,24,-9.754931987083333,2,0.008968990416667209,0.026969359166667317
POSCAR_24_atoms_24_864,24,-9.754860110416667,2,0.009040867083333737,0.02711311250000037
POSCAR_24_atoms_24_41,24,-9.754690897083334,2,0.0092100804166666,0.027451539166666095
POSCAR_24_atoms_24_737,24,-9.754637509583334,12,0.009263467916666102,0.0275583141666651
POSCAR_24_atoms_24_1071,24,-9.754354650833333,2,0.009546326666667326,0.02812403166666755
POSCAR_24_atoms_24_245,24,-9.754296472916666,2,0.009604504583334615,0.02824038750000213
POSCAR_24_atoms_24_609,24,-9.754164370833333,2,0.009736606666667312,0.028504591666667523
POSCAR_24_atoms_24_1020,24,-9.75381783125,2,0.010083146250000395,0.02919767083333369
POSCAR_24_atoms_24_885,24,-9.7536617075,2,0.010239270000001357,0.029509918333335605
POSCAR_24_atoms_24_769,24,-9.7536198075,2,0.010281170000000728,0.02959371833333435
POSCAR_24_atoms_24_237,24,-9.75352456625,2,0.010376411250000215,0.02978420083333333
POSCAR_24_atoms_24_1109,24,-9.7534307,2,0.0104702775000014,0.0299719333333357
POSCAR_24_atoms_24_66,24,-9.753075249166667,12,0.010825728333333728,0.030682835000000352
POSCAR_24_atoms_24_1073,24,-9.752662845833333,2,0.011238131666667428,0.03150764166666775
POSCAR_24_atoms_24_960,24,-9.752295254583332,2,0.01160572291666817,0.03224282416666924
POSCAR_24_atoms_24_1102,24,-9.7518639525,2,0.0120370249999997,0.0331054283333323
POSCAR_24_atoms_24_397,24,-9.751783699166667,65,0.012117278333333205,0.0332659349999993
POSCAR_24_atoms_24_38,24,-9.751113954583333,12,0.012787022916667112,0.03460542416666712
POSCAR_24_atoms_24_815,24,-9.750854168333333,2,0.013046809166667115,0.03512499666666713
POSCAR_24_atoms_24_1061,24,-9.750649990833333,47,0.013250986666667686,0.03553335166666827
POSCAR_24_atoms_24_1103,24,-9.750567405,2,0.013333572500000557,0.03569852333333401
POSCAR_24_atoms_24_8,24,-9.75036417,10,0.013536807500001302,0.0361049933333355
POSCAR_24_atoms_24_805,24,-9.750160760416668,47,0.01374021708333295,0.0365118124999988
POSCAR_24_atoms_24_546,24,-9.74677978375,12,0.01712119375000043,0.043273765833333755
POSCAR_24_atoms_24_1001,24,-9.70905074,8,0.054850237500000176,0.11873185333333325
POSCAR_24_atoms_24_696,24,-9.705998930833333,1,0.057902046666667324,0.12483547166666753
POSCAR_24_atoms_24_493,24,-9.70591676625,6,0.05798421124999997,0.12499980083333284
POSCAR_24_atoms_24_683,24,-9.705863107083333,1,0.0580378704166673,0.1251071191666675
POSCAR_24_atoms_24_939,24,-9.705627372083333,1,0.0582736054166677,0.1255785891666683
POSCAR_24_atoms_24_916,24,-9.704765890416667,1,0.059135087083333815,0.12730155250000053
POSCAR_24_atoms_24_44,24,-9.698997855,8,0.06490312250000052,0.13883762333333394
POSCAR_24_atoms_24_554,24,-9.689750475833334,1,0.07415050166666681,0.15733238166666652
POSCAR_24_atoms_24_1177,24,-9.68932275875,1,0.07457821875000015,0.1581878158333332
POSCAR_24_atoms_24_401,24,-9.688862235,1,0.07503874250000031,0.15910886333333352
POSCAR_24_atoms_24_773,24,-9.68824619625,1,0.07565478124999991,0.16034094083333272
POSCAR_24_atoms_24_537,24,-9.6876626675,1,0.07623831000000081,0.1615079983333345
POSCAR_24_atoms_24_110,24,-9.68765195,1,0.07624902750000118,0.16152943333333525
POSCAR_24_atoms_24_1115,24,-9.68733469,1,0.07656628750000039,0.16216395333333367
POSCAR_24_atoms_24_39,24,-9.68559111875,1,0.07830985874999996,0.16565109583333282
POSCAR_24_atoms_24_363,24,-9.681631350416668,8,0.08226962708333296,0.17357063249999882
POSCAR_24_atoms_24_1036,24,-9.680750639166666,1,0.08315033833333453,0.17533205500000193
POSCAR_24_atoms_24_999,24,-9.680148939583333,5,0.08375203791666762,0.17653545416666816
POSCAR_24_atoms_24_841,24,-9.678851605833334,187,0.08504937166666693,0.17913012166666675
POSCAR_24_atoms_24_900,24,-9.676136615,1,0.08776436249999975,0.1845601033333324
POSCAR_24_atoms_24_521,24,-9.674112784583334,1,0.08978819291666618,0.18860776416666525
POSCAR_24_atoms_24_929,24,-9.673121407916666,1,0.09077956958333466,0.19059051750000222
POSCAR_24_atoms_24_989,24,-9.67264476875,1,0.09125620874999996,0.1915437958333328
POSCAR_24_atoms_24_1134,24,-9.672208796666666,8,0.0916921808333342,0.19241574000000128
POSCAR_24_atoms_24_720,24,-9.671429907916666,1,0.0924710695833344,0.1939735175000017
POSCAR_24_atoms_24_393,24,-9.66948815625,1,0.09441282124999972,0.19785702083333234
POSCAR_24_atoms_24_767,24,-9.669435464166666,1,0.09446551333333453,0.19796240500000195
POSCAR_24_atoms_24_1128,24,-9.665588785416666,2,0.09831219208333407,0.20565576250000106
POSCAR_24_atoms_24_895,24,-9.66382340625,10,0.10007757125000084,0.20918652083333455
POSCAR_24_atoms_24_320,24,-9.662968025,2,0.1009329525000009,0.21089728333333468
POSCAR_24_atoms_24_1096,24,-9.652753775416668,8,0.11114720208333216,0.23132578249999725
POSCAR_24_atoms_24_432,24,-9.6489717425,1,0.11492923499999995,0.23888984833333282
POSCAR_24_atoms_24_404,24,-9.645501982916667,1,0.11839899458333393,0.24582936750000073
POSCAR_24_atoms_24_791,24,-9.637722383333333,42,0.12617859416666732,0.26138856666666754
POSCAR_24_atoms_24_523,24,-9.58565884375,1,0.17824213375000042,0.36551564583333374
POSCAR_24_atoms_24_1019,24,-9.581471379166667,1,0.18242959833333394,0.3738905750000008
POSCAR_24_atoms_24_287,24,-9.580265562916667,1,0.18363541458333368,0.3763022075000002
POSCAR_24_atoms_24_964,24,-9.580231691666668,1,0.1836692858333322,0.3763699499999973
POSCAR_24_atoms_24_1193,24,-9.5797567325,1,0.1841442450000006,0.3773198683333341
POSCAR_24_atoms_24_687,24,-9.577379966666667,1,0.18652101083333328,0.38207339999999945
POSCAR_24_atoms_24_131,24,-9.576898922916667,1,0.18700205458333308,0.38303548749999905
POSCAR_24_atoms_24_478,24,-9.57583462125,1,0.18806635625000112,0.38516409083333514
POSCAR_24_atoms_24_190,24,-9.573724797916666,1,0.1901761795833341,0.3893837375000011
POSCAR_24_atoms_24_747,24,-9.573467057916666,1,0.19043391958333444,0.3898992175000018
POSCAR_24_atoms_24_551,24,-9.569053581666667,1,0.19484739583333344,0.39872616999999977
POSCAR_24_atoms_24_949,24,-9.5656838375,1,0.1982171400000005,0.40546565833333403
POSCAR_24_atoms_24_1142,24,-9.565445942083334,1,0.1984550354166661,0.4059414491666651
POSCAR_24_atoms_24_659,24,-9.564913849166668,8,0.1989871283333322,0.4070056349999973
POSCAR_24_atoms_24_274,24,-9.564868345416668,1,0.19903263208333224,0.40709664249999733
POSCAR_24_atoms_24_721,24,-9.56311975625,1,0.20078122125000064,0.4105938208333342
POSCAR_24_atoms_24_46,24,-9.562742313333333,1,0.20115866416666786,0.41134870666666856
POSCAR_24_atoms_24_651,24,-9.561385247083333,1,0.2025157304166676,0.4140628391666681
POSCAR_24_atoms_24_839,24,-9.561368844583333,8,0.2025321329166676,0.4140956441666681
POSCAR_24_atoms_24_1139,24,-9.5609157175,8,0.2029852600000001,0.41500189833333323
POSCAR_24_atoms_24_74,24,-9.55913274125,1,0.2047682362500005,0.4185678508333339
POSCAR_24_atoms_24_808,24,-9.558712800833334,1,0.2051881766666668,0.41940773166666645
POSCAR_24_atoms_24_597,24,-9.557020675833334,8,0.2068803016666667,0.4227919816666663
POSCAR_24_atoms_24_9,24,-9.556630902916668,1,0.2072700745833327,0.42357152749999827
POSCAR_24_atoms_24_801,24,-9.55545230125,1,0.20844867625000066,0.42592873083333416
POSCAR_24_atoms_24_5,24,-9.55039511375,1,0.2135058637500009,0.4360431058333347
POSCAR_24_atoms_24_467,24,-9.54981751,1,0.21408346750000007,0.43719831333333303
POSCAR_24_atoms_24_36,24,-9.549296405833333,1,0.21460457166666733,0.4382405216666676
POSCAR_24_atoms_24_1132,24,-9.546108465,1,0.21779251250000087,0.44461640333333463
POSCAR_24_atoms_24_634,24,-9.545314484166667,1,0.21858649333333344,0.4462043649999998
POSCAR_24_atoms_24_661,24,-9.544875992916667,1,0.2190249845833332,0.4470813474999993
POSCAR_24_atoms_24_1127,24,-9.544639167083334,1,0.2192618104166666,0.4475549991666661
POSCAR_24_atoms_24_627,24,-9.5434043175,1,0.22049666000000026,0.45002469833333336
POSCAR_24_atoms_24_852,24,-9.542073572083334,1,0.22182740541666668,0.45268618916666625
POSCAR_24_atoms_24_828,24,-9.54102587875,1,0.2228750987500004,0.45478157583333356
POSCAR_24_atoms_24_531,24,-9.540136842083333,1,0.2237641354166673,0.45655964916666747
POSCAR_24_atoms_24_1157,24,-9.53980446875,1,0.22409650874999976,0.4572243958333324
POSCAR_24_atoms_24_275,24,-9.539566250833332,1,0.22433472666666887,0.45770083166667064
POSCAR_24_atoms_24_322,24,-9.53871079,1,0.2251901875000009,0.4594117533333346
POSCAR_24_atoms_24_652,24,-9.536892174166667,1,0.2270088033333337,0.46304898500000036
POSCAR_24_atoms_24_1192,24,-9.534324117916666,1,0.2295768595833341,0.46818509750000104
POSCAR_24_atoms_24_1116,24,-9.533439730833333,8,0.2304612466666676,0.469953871666668
POSCAR_24_atoms_24_361,24,-9.53265285,1,0.2312481275000007,0.47152763333333425
POSCAR_24_atoms_24_304,24,-9.532020340416668,1,0.2318806370833321,0.47279265249999725
POSCAR_24_atoms_24_301,24,-9.531271135833334,1,0.23262984166666634,0.47429106166666557
POSCAR_24_atoms_24_898,24,-9.529882904583333,1,0.2340180729166672,0.4770675241666673
POSCAR_24_atoms_24_246,24,-9.52938145625,1,0.2345195212500002,0.4780704208333333
POSCAR_24_atoms_24_807,24,-9.527573246666668,1,0.2363277308333327,0.4816868399999983
POSCAR_24_atoms_24_317,24,-9.527304272083333,1,0.2365967054166677,0.48222478916666844
POSCAR_24_atoms_24_690,24,-9.527198211666667,1,0.23670276583333386,0.48243691000000055
POSCAR_24_atoms_24_988,24,-9.526553487083332,1,0.2373474904166688,0.4837263591666705
POSCAR_24_atoms_24_810,24,-9.523107331666667,1,0.2407936458333335,0.4906186699999999
POSCAR_24_atoms_24_165,24,-9.523093537083334,1,0.2408074404166669,0.4906462591666667
POSCAR_24_atoms_24_343,24,-9.5227723825,1,0.24112859500000106,0.491288568333335
POSCAR_24_atoms_24_157,24,-9.521095438333333,1,0.2428055391666675,0.49464245666666784
POSCAR_24_atoms_24_1099,24,-9.519849409583333,1,0.2440515679166673,0.49713451416666743
POSCAR_24_atoms_24_335,24,-9.519675899583332,44,0.2442250779166688,0.4974815341666705
POSCAR_24_atoms_24_268,24,-9.516515882083334,1,0.2473850954166661,0.5038015691666651
POSCAR_24_atoms_24_456,24,-9.516448609166668,1,0.2474523683333328,0.5039361149999984
POSCAR_24_atoms_24_173,24,-9.515853954166667,1,0.2480470233333332,0.5051254249999992
POSCAR_24_atoms_24_996,24,-9.515691162916667,1,0.2482098145833333,0.5054510074999996
POSCAR_24_atoms_24_892,24,-9.515623219166667,10,0.2482777583333337,0.5055868950000004
POSCAR_24_atoms_24_309,24,-9.5155439675,1,0.2483570100000012,0.5057453983333353
POSCAR_24_atoms_24_129,24,-9.51537986125,1,0.2485211162500001,0.506073610833333
POSCAR_24_atoms_24_913,24,-9.514624757916666,1,0.2492762195833347,0.5075838175000023
POSCAR_24_atoms_24_1074,24,-9.513170651666666,1,0.25073032583333443,0.5104920300000018
POSCAR_24_atoms_24_208,24,-9.5124166225,1,0.2514843550000005,0.512000088333334
POSCAR_24_atoms_24_69,24,-9.512254157083332,1,0.2516468204166689,0.5123250191666706
POSCAR_24_atoms_24_739,24,-9.511711115,1,0.25218986249999986,0.5134111033333326
POSCAR_24_atoms_24_125,24,-9.510668809166667,1,0.2532321683333336,0.5154957150000001
POSCAR_24_atoms_24_525,24,-9.510156975416667,1,0.2537440020833337,0.5165193825000003
POSCAR_24_atoms_24_379,24,-9.508831279166666,1,0.2550696983333349,0.5191707750000027
POSCAR_24_atoms_24_153,24,-9.508793265833333,1,0.2551077116666676,0.519246801666668
POSCAR_24_atoms_24_731,24,-9.5084999275,1,0.2554010499999997,0.5198334783333323
POSCAR_24_atoms_24_765,24,-9.506877370416666,1,0.2570236070833349,0.5230785925000028
POSCAR_24_atoms_24_1014,24,-9.506811771666667,1,0.2570892058333332,0.5232097899999992
POSCAR_24_atoms_24_894,24,-9.50654466875,1,0.2573563087500013,0.5237439958333354
POSCAR_24_atoms_24_842,24,-9.50629275125,1,0.25760822625000124,0.5242478308333354
POSCAR_24_atoms_24_685,24,-9.505674068333333,1,0.2582269091666678,0.5254851966666685
POSCAR_24_atoms_24_772,24,-9.504604442916667,1,0.2592965345833331,0.5276244474999991
POSCAR_24_atoms_24_557,24,-9.502553710833334,1,0.2613472666666663,0.5317259116666655
POSCAR_24_atoms_24_672,24,-9.50025830625,1,0.2636426712500004,0.5363167208333337
POSCAR_24_atoms_24_819,24,-9.500156790416666,8,0.2637441870833346,0.5365197525000021
POSCAR_24_atoms_24_749,24,-9.500150117083333,1,0.2637508604166676,0.5365330991666681
POSCAR_24_atoms_24_1165,24,-9.500125849166666,1,0.26377512833333405,0.536581635000001
POSCAR_24_atoms_24_326,24,-9.499111730416667,1,0.2647892470833337,0.5386098725000004
POSCAR_24_atoms_24_144,24,-9.49553920125,1,0.2683617762499999,0.5457549308333327
POSCAR_24_atoms_24_434,24,-9.494335630416666,1,0.26956534708333457,0.548162072500002
POSCAR_24_atoms_24_271,24,-9.492099282083332,1,0.2718016954166682,0.5526347691666693
POSCAR_24_atoms_24_938,24,-9.491241626666666,1,0.2726593508333348,0.5543500800000025
POSCAR_24_atoms_24_533,24,-9.491236079583333,8,0.2726648979166679,0.5543611741666687
POSCAR_24_atoms_24_1137,24,-9.490330898333333,1,0.2735700791666673,0.5561715366666675
POSCAR_24_atoms_24_897,24,-9.488592027083332,1,0.2753089504166688,0.5596492791666705
POSCAR_24_atoms_24_679,24,-9.48719409875,1,0.2767068787499998,0.5624451358333324
POSCAR_24_atoms_24_469,24,-9.486760479166668,1,0.27714049833333304,0.5633123749999989
POSCAR_24_atoms_24_260,24,-9.485994579166666,1,0.2779063983333341,0.5648441750000011
POSCAR_24_atoms_24_377,24,-9.484962300416667,1,0.27893867708333353,0.5669087325
POSCAR_24_atoms_24_14,24,-9.482958398333333,1,0.28094257916666804,0.5709165366666689
POSCAR_24_atoms_24_1168,24,-9.480904577916666,1,0.2829963995833342,0.5750241775000013
POSCAR_24_atoms_24_436,24,-9.48089495125,1,0.2830060262499998,0.5750434308333325
POSCAR_24_atoms_24_94,24,-9.479275403333334,1,0.28462557416666634,0.5782825266666656
POSCAR_24_atoms_24_1007,24,-9.478966174166667,1,0.2849348033333339,0.5789009850000006
POSCAR_24_atoms_24_509,24,-9.478345954166667,1,0.28555502333333393,0.5801414250000008
POSCAR_24_atoms_24_677,24,-9.477301545416667,1,0.2865994320833334,0.5822302424999997
POSCAR_24_atoms_24_492,24,-9.475693989583332,1,0.2882069879166682,0.5854453541666693
POSCAR_24_atoms_24_488,24,-9.47553416,1,0.28836681750000004,0.585765013333333
POSCAR_24_atoms_24_289,24,-9.473858882083332,1,0.29004209541666803,0.589115569166669
POSCAR_24_atoms_24_261,24,-9.471930389166667,1,0.2919705883333332,0.5929725549999993
POSCAR_24_atoms_24_571,24,-9.46989622375,1,0.29400475375000035,0.5970408858333336
POSCAR_24_atoms_24_187,24,-9.46754487125,1,0.2963561062500002,0.6017435908333333
POSCAR_24_atoms_24_914,24,-9.464832419583333,1,0.29906855791666764,0.6071684941666682
POSCAR_24_atoms_24_822,24,-9.4644940625,1,0.2994069150000005,0.6078452083333339
POSCAR_24_atoms_24_943,24,-9.461271116666667,1,0.3026298608333331,0.6142910999999991
POSCAR_24_atoms_24_745,24,-9.46030924125,1,0.3035917362500005,0.6162148508333338
POSCAR_24_atoms_24_178,24,-9.456134883333332,1,0.3077660941666682,0.6245635666666693
POSCAR_24_atoms_24_28,24,-9.454499260833334,1,0.3094017166666667,0.6278348116666663
POSCAR_24_atoms_24_204,24,-9.45399497875,1,0.3099059987500006,0.628843375833334
POSCAR_24_atoms_24_579,24,-9.453049527083332,1,0.31085145041666884,0.6307342791666706
POSCAR_24_atoms_24_362,24,-9.449738772916666,1,0.3141622045833348,0.6373557875000024
POSCAR_24_atoms_24_1011,24,-9.447949809583333,1,0.3159511679166673,0.6409337141666676
POSCAR_24_atoms_24_1112,24,-9.447485707083333,1,0.31641527041666784,0.6418619191666686
POSCAR_24_atoms_24_567,24,-9.446720322083333,1,0.3171806554166672,0.6433926891666673
POSCAR_24_atoms_24_799,24,-9.446541565416666,12,0.3173594120833343,0.6437502025000015
POSCAR_24_atoms_24_821,24,-9.442188542083334,1,0.32171243541666605,0.652456249166665
POSCAR_24_atoms_24_371,24,-9.44067504625,1,0.3232259312500005,0.655483240833334
POSCAR_24_atoms_24_811,24,-9.44041439875,1,0.32348657874999986,0.6560045358333326
POSCAR_24_atoms_24_1055,24,-9.44029347,1,0.3236075075000002,0.6562463933333333
POSCAR_24_atoms_24_391,24,-9.439956925833334,1,0.3239440516666665,0.6569194816666659
POSCAR_24_atoms_24_238,24,-9.437447750833334,1,0.32645322666666665,0.6619378316666662
POSCAR_24_atoms_24_770,24,-9.436101435,1,0.3277995425000011,0.6646304633333351
POSCAR_24_atoms_24_334,24,-9.436032610416666,1,0.3278683670833349,0.6647681125000027
POSCAR_24_atoms_24_561,24,-9.432649189166666,8,0.3312517883333346,0.671534955000002
POSCAR_24_atoms_24_484,24,-9.432154745,1,0.3317462325000005,0.6725238433333338
POSCAR_24_atoms_24_1023,24,-9.4319142775,1,0.33198669999999986,0.6730047783333326
POSCAR_24_atoms_24_20,24,-9.431056185416667,1,0.3328447920833337,0.6747209625000004
POSCAR_24_atoms_24_655,24,-9.430537892916666,1,0.3333630845833344,0.6757575475000017
POSCAR_24_atoms_24_448,24,-9.430410980416667,1,0.3334899970833334,0.6760113724999997
POSCAR_24_atoms_24_947,24,-9.43038765875,1,0.33351331875000056,0.676058015833334
POSCAR_24_atoms_24_775,24,-9.429796449166666,1,0.3341045283333344,0.6772404350000016
POSCAR_24_atoms_24_719,24,-9.425821351666666,1,0.3380796258333341,0.685190630000001
POSCAR_24_atoms_24_511,24,-9.425545014583333,1,0.33835596291666725,0.6857433041666674
POSCAR_24_atoms_24_3,24,-9.418810471666667,1,0.3450905058333333,0.6992123899999996
POSCAR_24_atoms_24_199,24,-9.418082332083333,1,0.3458186454166672,0.7006686691666673
POSCAR_24_atoms_24_305,24,-9.41601921375,1,0.3478817637500011,0.7047949058333352
POSCAR_24_atoms_24_760,24,-9.415354686666666,1,0.348546290833335,0.7061239600000029
POSCAR_24_atoms_24_664,24,-9.414183337083333,1,0.3497176404166673,0.7084666591666675
POSCAR_24_atoms_24_337,24,-9.412408337916666,1,0.3514926395833342,0.7120166575000013
POSCAR_24_atoms_24_1024,24,-9.41126285,1,0.35263812750000056,0.714307633333334
POSCAR_24_atoms_24_573,24,-9.411047933333334,1,0.3528530441666664,0.7147374666666657
POSCAR_24_atoms_24_854,24,-9.410805138333332,1,0.3530958391666683,0.7152230566666695
POSCAR_24_atoms_24_957,24,-9.40867886,1,0.3552221175000003,0.7194756133333335
POSCAR_24_atoms_24_1016,24,-9.405936690833334,1,0.35796428666666635,0.7249599516666656
POSCAR_24_atoms_24_1122,24,-9.405137372083333,1,0.35876360541666763,0.7265585891666682
POSCAR_24_atoms_24_809,24,-9.403539538333334,1,0.3603614391666667,0.7297542566666664
POSCAR_24_atoms_24_1186,24,-9.40122239,1,0.36267858750000137,0.7343885533333356
POSCAR_24_atoms_24_111,24,-9.399860412083333,1,0.3640405654166674,0.7371125091666677
POSCAR_24_atoms_24_1063,24,-9.398961313333333,1,0.364939664166668,0.7389107066666689
POSCAR_24_atoms_24_1003,24,-9.398673940416666,1,0.3652270370833346,0.7394854525000021
POSCAR_24_atoms_24_1048,24,-9.397500302083333,1,0.3664006754166671,0.7418327291666671
POSCAR_24_atoms_24_635,24,-9.397201884583334,1,0.3666990929166669,0.7424295641666667
POSCAR_24_atoms_24_1054,24,-9.3969513125,1,0.3669496649999999,0.7429307083333327
POSCAR_24_atoms_24_108,24,-9.39651698375,1,0.3673839937499999,0.7437993658333326
POSCAR_24_atoms_24_399,24,-9.39409229125,1,0.3698086862499999,0.7486487508333326
POSCAR_24_atoms_24_908,24,-9.394079242083334,1,0.3698217354166662,0.7486748491666653
POSCAR_24_atoms_24_390,24,-9.392229586666668,1,0.3716713908333329,0.7523741599999987
POSCAR_24_atoms_24_22,24,-9.3920572325,1,0.3718437450000014,0.7527188683333357
POSCAR_24_atoms_24_1167,24,-9.391764592916667,1,0.3721363845833334,0.7533041474999997
POSCAR_24_atoms_24_372,24,-9.391025838333332,1,0.372875139166668,0.754781656666669
POSCAR_24_atoms_24_636,24,-9.390925595416666,1,0.3729753820833341,0.7549821425000012
POSCAR_24_atoms_24_501,24,-9.39081850625,1,0.37308247125000094,0.7551963208333348
POSCAR_24_atoms_24_232,24,-9.38990672875,1,0.3739942487499999,0.7570198758333326
POSCAR_24_atoms_24_360,24,-9.387553381666667,1,0.37634759583333377,0.7617265700000004
POSCAR_24_atoms_24_977,24,-9.386834045416666,1,0.3770669320833342,0.7631652425000013
POSCAR_24_atoms_24_426,24,-9.386743955,1,0.3771570225000005,0.7633454233333339
POSCAR_24_atoms_24_179,24,-9.3864190175,1,0.3774819600000008,0.7639952983333345
POSCAR_24_atoms_24_65,24,-9.385721660833333,8,0.3781793166666674,0.7653900116666676
POSCAR_24_atoms_24_934,24,-9.383901126666666,1,0.3799998508333342,0.7690310800000013
POSCAR_24_atoms_24_109,24,-9.383006444583334,1,0.3808945329166669,0.7708204441666666
POSCAR_24_atoms_24_220,24,-9.3828419625,1,0.381059015,0.7711494083333328
POSCAR_24_atoms_24_984,24,-9.381071067083333,6,0.3828299104166675,0.7746911991666678
POSCAR_24_atoms_24_1064,24,-9.380320179583334,1,0.3835807979166663,0.7761929741666656
POSCAR_24_atoms_24_733,24,-9.375105767916667,1,0.3887952095833338,0.7866217975000005
POSCAR_24_atoms_24_928,24,-9.374874752083334,1,0.3890262254166661,0.7870838291666651
POSCAR_24_atoms_24_936,24,-9.374754929583334,1,0.3891460479166664,0.7873234741666657
POSCAR_24_atoms_24_389,24,-9.37413038,1,0.3897705975000001,0.7885725733333331
POSCAR_24_atoms_24_1190,24,-9.372954017916667,1,0.3909469595833333,0.7909252974999994
POSCAR_24_atoms_24_1076,24,-9.372694795833334,1,0.3912061816666661,0.7914437416666651
POSCAR_24_atoms_24_1120,24,-9.372541781666667,1,0.3913591958333331,0.7917497699999991
POSCAR_24_atoms_24_788,24,-9.37162591875,1,0.3922750587500001,0.7935814958333332
POSCAR_24_atoms_24_1085,24,-9.371113102916668,1,0.3927878745833322,0.7946071274999973
POSCAR_24_atoms_24_42,24,-9.371097491666667,1,0.39280348583333335,0.7946383499999996
POSCAR_24_atoms_24_248,24,-9.369956807916667,1,0.3939441695833335,0.7969197174999998
POSCAR_24_atoms_24_694,24,-9.369861807916667,1,0.3940391695833334,0.7971097174999997
POSCAR_24_atoms_24_61,24,-9.369108856666667,1,0.39479212083333337,0.7986156199999996
POSCAR_24_atoms_24_836,24,-9.368491803333333,1,0.3954091741666677,0.7998497266666682
POSCAR_24_atoms_24_743,24,-9.368316828333333,1,0.39558414916666784,0.8001996766666686
POSCAR_24_atoms_24_420,24,-9.366205991666666,1,0.3976949858333345,0.8044213500000019
POSCAR_24_atoms_24_926,24,-9.365942182916667,1,0.3979587945833334,0.8049489674999997
POSCAR_24_atoms_24_725,24,-9.36497354,1,0.3989274375000012,0.8068862533333352
POSCAR_24_atoms_24_102,24,-9.3621446275,1,0.4017563500000012,0.8125440783333353
POSCAR_24_atoms_24_1130,24,-9.361003317916667,1,0.4028976595833331,0.8148266974999991
POSCAR_24_atoms_24_764,24,-9.36063238,1,0.4032685975000003,0.8155685733333335
POSCAR_24_atoms_24_824,24,-9.358788846666666,1,0.4051121308333343,0.8192556400000015
POSCAR_24_atoms_24_489,24,-9.358334875,1,0.4055661024999999,0.8201635833333327
POSCAR_24_atoms_24_1174,24,-9.35830516375,1,0.40559581375000064,0.8202230058333342
POSCAR_24_atoms_24_338,24,-9.357862700833332,1,0.4060382766666688,0.8211079316666705
POSCAR_24_atoms_24_980,24,-9.35722700875,1,0.4066739687500007,0.8223793158333343
POSCAR_24_atoms_24_592,24,-9.35632674375,1,0.40757423375000107,0.8241798458333349
POSCAR_24_atoms_24_11,24,-9.35615414125,1,0.4077468362500003,0.8245250508333335
POSCAR_24_atoms_24_150,24,-9.3558464225,1,0.4080545549999997,0.8251404883333322
POSCAR_24_atoms_24_879,24,-9.354285618333334,1,0.4096153591666667,0.8282620966666663
POSCAR_24_atoms_24_332,24,-9.3540534075,1,0.40984757000000016,0.8287265183333332
POSCAR_24_atoms_24_45,24,-9.3538597175,1,0.4100412599999999,0.8291138983333326
POSCAR_24_atoms_24_388,24,-9.353464655833333,1,0.4104363216666673,0.8299040216666675
POSCAR_24_atoms_24_875,24,-9.353409014166667,8,0.4104919633333335,0.8300153049999999
POSCAR_24_atoms_24_730,24,-9.35334177,1,0.4105592075000004,0.8301497933333337
POSCAR_24_atoms_24_709,24,-9.352757880416666,1,0.4111430970833343,0.8313175725000015
POSCAR_24_atoms_24_878,24,-9.35253483625,1,0.4113661412500012,0.8317636608333352
POSCAR_24_atoms_24_166,24,-9.352366292083332,1,0.4115346854166688,0.8321007491666705
POSCAR_24_atoms_24_47,24,-9.352318439583334,1,0.4115825379166669,0.8321964541666667
POSCAR_24_atoms_24_804,24,-9.352271464166668,1,0.4116295133333328,0.8322904049999984
POSCAR_24_atoms_24_1145,24,-9.349531112916667,1,0.4143698645833336,0.8377711075000001
POSCAR_24_atoms_24_1039,24,-9.349071799166667,1,0.4148291783333331,0.8386897349999991
POSCAR_24_atoms_24_1053,24,-9.348460950833333,1,0.41544002666666735,0.8399114316666676
POSCAR_24_atoms_24_167,24,-9.346465713333332,1,0.4174352641666683,0.8439019066666695
POSCAR_24_atoms_24_967,24,-9.346192944166667,1,0.4177080333333336,0.8444474450000001
POSCAR_24_atoms_24_1084,24,-9.3452458075,1,0.41865517000000096,0.8463417183333348
POSCAR_24_atoms_24_1107,24,-9.344199907083334,1,0.41970107041666616,0.8484335191666652
POSCAR_24_atoms_24_200,24,-9.343623047083334,1,0.4202779304166668,0.8495872391666666
POSCAR_24_atoms_24_336,24,-9.343587071666667,1,0.4203139058333337,0.8496591900000006
POSCAR_24_atoms_24_794,24,-9.341529348333333,1,0.4223716291666673,0.8537746366666674
POSCAR_24_atoms_24_13,24,-9.340374190833334,1,0.4235267866666668,0.8560849516666664
POSCAR_24_atoms_24_267,24,-9.3397137475,1,0.4241872300000011,0.8574058383333352
POSCAR_24_atoms_24_240,24,-9.339437989166667,1,0.4244629883333335,0.8579573549999999
POSCAR_24_atoms_24_596,24,-9.3387928375,1,0.4251081400000008,0.8592476583333344
POSCAR_24_atoms_24_1118,24,-9.338522115,1,0.42537886250000057,0.859789103333334
POSCAR_24_atoms_24_50,24,-9.33674844375,1,0.4271525337500002,0.8633364458333332
POSCAR_24_atoms_24_499,24,-9.3356048875,1,0.4282960899999999,0.8656235583333327
POSCAR_24_atoms_24_255,24,-9.334897810833334,1,0.4290031666666661,0.867037711666665
POSCAR_24_atoms_24_1141,24,-9.33412681375,1,0.4297741637500003,0.8685797058333335
POSCAR_24_atoms_24_272,24,-9.333796234166668,1,0.4301047433333327,0.8692408649999983
POSCAR_24_atoms_24_72,24,-9.3309348125,1,0.4329661649999999,0.8749637083333326
POSCAR_24_atoms_24_422,24,-9.330680404583333,1,0.4332205729166674,0.8754725241666677
POSCAR_24_atoms_24_71,24,-9.330183640416667,1,0.4337173370833334,0.8764660524999996
POSCAR_24_atoms_24_798,24,-9.329609002083332,1,0.4342919754166683,0.8776153291666695
POSCAR_24_atoms_24_1045,24,-9.32953932125,1,0.43436165625000106,0.8777546908333349
POSCAR_24_atoms_24_1194,24,-9.32932546375,1,0.43457551375000136,0.8781824058333356
POSCAR_24_atoms_24_558,24,-9.328958454583333,1,0.4349425229166677,0.8789164241666683
POSCAR_24_atoms_24_599,24,-9.328346310416666,1,0.4355546670833341,0.8801407125000011
POSCAR_24_atoms_24_901,24,-9.32820602,1,0.4356949575000009,0.8804212933333346
POSCAR_24_atoms_24_331,24,-9.32805402625,1,0.4358469512500012,0.8807252808333352
POSCAR_24_atoms_24_206,24,-9.327655700833336,1,0.4362452766666641,0.8815219316666614
POSCAR_24_atoms_24_32,24,-9.327075756666668,1,0.4368252208333328,0.8826818199999984
POSCAR_24_atoms_24_16,24,-9.326375842083333,1,0.4375251354166672,0.8840816491666672
POSCAR_24_atoms_24_1166,24,-9.32536842625,1,0.4385325512500007,0.8860964808333343
POSCAR_24_atoms_24_993,24,-9.325122572916667,1,0.4387784045833332,0.8865881874999992
POSCAR_24_atoms_24_795,24,-9.324639440833334,1,0.4392615366666668,0.8875544516666665
POSCAR_24_atoms_24_163,24,-9.324025562916667,1,0.4398754145833337,0.8887822075000003
POSCAR_24_atoms_24_429,24,-9.32382836,1,0.44007261750000026,0.8891766133333334
POSCAR_24_atoms_24_1090,24,-9.3220078625,1,0.44189311500000095,0.8928176083333348
POSCAR_24_atoms_24_1037,24,-9.32065567625,6,0.44324530125000017,0.8955219808333332
POSCAR_24_atoms_24_963,24,-9.320566484166667,1,0.4433344933333334,0.8957003649999997
POSCAR_24_atoms_24_920,24,-9.32025238,6,0.4436485975000011,0.896328573333335
POSCAR_24_atoms_24_458,24,-9.319609515,1,0.4442914625000007,0.8976143033333344
POSCAR_24_atoms_24_104,24,-9.319394909583332,1,0.4445060679166684,0.8980435141666696
POSCAR_24_atoms_24_149,24,-9.319279487083334,1,0.4446214904166671,0.8982743591666669
POSCAR_24_atoms_24_43,24,-9.317425862916666,1,0.4464751145833343,0.9019816075000016
POSCAR_24_atoms_24_106,24,-9.316837209166666,1,0.4470637683333347,0.9031589150000023
POSCAR_24_atoms_24_308,24,-9.316769197083334,1,0.4471317804166671,0.9032949391666669
POSCAR_24_atoms_24_869,24,-9.315452490416666,1,0.4484484870833345,0.9059283525000019
POSCAR_24_atoms_24_276,24,-9.31535994875,1,0.4485410287500001,0.9061134358333334
POSCAR_24_atoms_24_569,24,-9.314288696666667,1,0.4496122808333336,0.9082559400000001
POSCAR_24_atoms_24_218,24,-9.314138774166667,1,0.4497622033333339,0.9085557850000008
POSCAR_24_atoms_24_99,24,-9.314136773333333,1,0.4497642041666676,0.9085597866666681
POSCAR_24_atoms_24_796,24,-9.31387867,1,0.4500223075000012,0.9090759933333352
POSCAR_24_atoms_24_1081,24,-9.313503322083333,8,0.4503976554166673,0.9098266891666675
POSCAR_24_atoms_24_1049,24,-9.313490510416667,1,0.4504104670833336,0.9098523125
POSCAR_24_atoms_24_405,24,-9.312732987916666,1,0.4511679895833343,0.9113673575000014
POSCAR_24_atoms_24_460,24,-9.311601728333333,1,0.4522992491666678,0.9136298766666684
POSCAR_24_atoms_24_954,24,-9.311496390833334,1,0.4524045866666668,0.9138405516666666
POSCAR_24_atoms_24_923,24,-9.311117480833332,1,0.4527834966666688,0.9145983716666706
POSCAR_24_atoms_24_607,24,-9.310988984583334,1,0.4529119929166665,0.9148553641666659
POSCAR_24_atoms_24_555,24,-9.310744564166667,1,0.4531564133333337,0.9153442050000002
POSCAR_24_atoms_24_1087,24,-9.310417084166668,1,0.4534838933333329,0.9159991649999988
POSCAR_24_atoms_24_867,24,-9.310242722083332,8,0.4536582554166682,0.9163478891666692
POSCAR_24_atoms_24_353,24,-9.309467366666668,1,0.4544336108333322,0.9178985999999973
POSCAR_24_atoms_24_820,24,-9.307406995833334,1,0.4564939816666662,0.9220193416666653
POSCAR_24_atoms_24_515,24,-9.30721895625,1,0.4566820212499998,0.9223954208333325
POSCAR_24_atoms_24_638,24,-9.306478205833333,6,0.4574227716666677,0.9238769216666682
POSCAR_24_atoms_24_877,24,-9.306322490416667,1,0.4575784870833335,0.9241883524999999
POSCAR_24_atoms_24_474,24,-9.306151934166666,1,0.4577490433333349,0.9245294650000027
POSCAR_24_atoms_24_1106,24,-9.30579072875,1,0.4581102487499997,0.9252518758333323
POSCAR_24_atoms_24_214,24,-9.30517336125,1,0.45872761625,0.926486610833333
POSCAR_24_atoms_24_1179,24,-9.304063770833332,1,0.4598372066666681,0.928705791666669
POSCAR_24_atoms_24_1046,24,-9.303911632083333,1,0.4599893454166679,0.9290100691666687
POSCAR_24_atoms_24_752,24,-9.303782607916666,1,0.4601183695833342,0.9292681175000013
POSCAR_24_atoms_24_1123,24,-9.303451425833334,1,0.4604495516666667,0.9299304816666663
POSCAR_24_atoms_24_970,24,-9.302601332916668,1,0.4612996445833328,0.9316306674999986
POSCAR_24_atoms_24_718,24,-9.302183510833332,1,0.4617174666666681,0.9324663116666692
POSCAR_24_atoms_24_181,24,-9.301713754583334,1,0.4621872229166666,0.9334058241666661
POSCAR_24_atoms_24_118,24,-9.301265119583332,1,0.4626358579166681,0.934303094166669
POSCAR_24_atoms_24_1042,24,-9.30099951875,1,0.4629014587500002,0.9348342958333333
POSCAR_24_atoms_24_944,24,-9.300644629583333,1,0.4632563479166674,0.9355440741666676
POSCAR_24_atoms_24_480,24,-9.299322755,1,0.4645782225000002,0.9381878233333332
POSCAR_24_atoms_24_1028,24,-9.298964344166668,1,0.4649366333333322,0.9389046449999974
POSCAR_24_atoms_24_431,24,-9.298791723333332,1,0.4651092541666682,0.9392498866666692
POSCAR_24_atoms_24_1079,24,-9.298511122916667,1,0.4653898545833339,0.9398110875000008
POSCAR_24_atoms_24_1155,24,-9.2984494475,1,0.46545153000000106,0.939934438333335
POSCAR_24_atoms_24_414,24,-9.29732029375,1,0.46658068375000106,0.942192745833335
POSCAR_24_atoms_24_251,24,-9.297095169583333,1,0.4668058079166677,0.9426429941666683
POSCAR_24_atoms_24_323,24,-9.295277579166667,1,0.4686233983333334,0.9462781749999998
POSCAR_24_atoms_24_500,24,-9.295143591666667,1,0.4687573858333334,0.9465461499999996
POSCAR_24_atoms_24_860,24,-9.29469275,1,0.4692082275000011,0.9474478333333352
POSCAR_24_atoms_24_539,24,-9.2942198825,1,0.4696810950000003,0.9483935683333335
POSCAR_24_atoms_24_33,24,-9.294050203333333,1,0.4698507741666678,0.9487329266666684
POSCAR_24_atoms_24_1149,24,-9.29403776125,1,0.4698632162500012,0.9487578108333352
POSCAR_24_atoms_24_437,24,-9.293979260416666,1,0.4699217170833343,0.9488748125000015
POSCAR_24_atoms_24_1104,24,-9.29316823125,1,0.4707327462500004,0.9504968708333337
POSCAR_24_atoms_24_837,24,-9.292919645416667,1,0.4709813320833334,0.9509940424999996
POSCAR_24_atoms_24_406,24,-9.292676294583334,1,0.4712246829166666,0.9514807441666662
POSCAR_24_atoms_24_88,24,-9.291671274583333,1,0.4722297029166676,0.953490784166668
POSCAR_24_atoms_24_119,24,-9.291617994583332,1,0.4722829829166688,0.9535973441666705
POSCAR_24_atoms_24_364,24,-9.291582329166667,1,0.4723186483333333,0.9536686749999994
POSCAR_24_atoms_24_145,24,-9.288531896666667,1,0.4753690808333335,0.9597695399999999
POSCAR_24_atoms_24_818,24,-9.288475595833333,1,0.4754253816666676,0.9598821416666681
POSCAR_24_atoms_24_1068,24,-9.288243733333333,1,0.4756572441666673,0.9603458666666675
POSCAR_24_atoms_24_532,24,-9.288152022083333,1,0.4757489554166678,0.9605292891666686
POSCAR_24_atoms_24_972,24,-9.2874859925,1,0.4764149849999999,0.9618613483333327
POSCAR_24_atoms_24_294,24,-9.28743794875,1,0.4764630287500005,0.9619574358333338
POSCAR_24_atoms_24_866,24,-9.287404558333334,1,0.4764964191666667,0.9620242166666664
POSCAR_24_atoms_24_987,24,-9.285940712916666,1,0.4779602645833343,0.9649519075000015
POSCAR_24_atoms_24_310,24,-9.285584292083334,1,0.4783166854166669,0.9656647491666668
POSCAR_24_atoms_24_735,24,-9.285128442916667,1,0.4787725345833334,0.9665764474999996
POSCAR_24_atoms_24_1159,24,-9.2841153875,1,0.4797855900000005,0.968602558333334
POSCAR_24_atoms_24_1135,24,-9.28397114625,1,0.4799298312500007,0.9688910408333342
POSCAR_24_atoms_24_684,24,-9.283311574583333,1,0.4805894029166673,0.9702101841666675
POSCAR_24_atoms_24_168,24,-9.283267731666667,1,0.4806332458333333,0.9702978699999996
POSCAR_24_atoms_24_689,24,-9.282165009166668,1,0.4817359683333322,0.9725033149999973
POSCAR_24_atoms_24_976,24,-9.2806350325,1,0.4832659450000012,0.9755632683333353
POSCAR_24_atoms_24_904,24,-9.279349067083333,1,0.484551910416668,0.9781351991666689
POSCAR_24_atoms_24_270,24,-9.279278855416667,1,0.4846221220833336,0.9782756225
POSCAR_24_atoms_24_948,24,-9.278159367916668,1,0.4857416095833322,0.9805145974999974
POSCAR_24_atoms_24_192,24,-9.278019059583334,1,0.4858819179166662,0.9807952141666654
POSCAR_24_atoms_24_787,24,-9.27707106,1,0.4868299174999997,0.9826912133333323
POSCAR_24_atoms_24_59,24,-9.276553558333333,1,0.4873474191666674,0.9837262166666676
POSCAR_24_atoms_24_543,24,-9.276539455,1,0.4873615225000005,0.983754423333334
POSCAR_24_atoms_24_34,24,-9.276295553333332,1,0.4876054241666683,0.9842422266666695
POSCAR_24_atoms_24_544,24,-9.276007565416666,1,0.4878934120833343,0.9848182025000014
POSCAR_24_atoms_24_701,24,-9.274745165833332,1,0.4891558116666683,0.9873430016666696
POSCAR_24_atoms_24_477,24,-9.274688488333334,1,0.4892124891666665,0.9874563566666659
POSCAR_24_atoms_24_471,24,-9.273775315,1,0.4901256625000006,0.989282703333334
POSCAR_24_atoms_24_355,24,-9.273285781666667,1,0.4906151958333336,0.99026177
POSCAR_24_atoms_24_676,24,-9.272971913333334,1,0.4909290641666662,0.9908895066666652
POSCAR_24_atoms_24_526,24,-9.272774979166668,1,0.4911259983333327,0.9912833749999983
POSCAR_24_atoms_24_691,24,-9.272407406666668,1,0.4914935708333328,0.9920185199999985
POSCAR_24_atoms_24_585,24,-9.271754437083333,1,0.4921465404166678,0.9933244591666686
POSCAR_24_atoms_24_498,24,-9.271235270416666,1,0.4926657070833347,0.9943627925000023
POSCAR_24_atoms_24_578,24,-9.271093827083334,1,0.4928071504166667,0.9946456791666662
POSCAR_24_atoms_24_648,24,-9.271050301666667,1,0.4928506758333331,0.9947327299999991
POSCAR_24_atoms_24_660,24,-9.270490645833332,1,0.4934103316666682,0.9958520416666694
POSCAR_24_atoms_24_453,24,-9.269706745,1,0.4941942325,0.9974198433333328
POSCAR_24_atoms_24_751,24,-9.269401879583333,1,0.4944990979166679,0.9980295741666687
POSCAR_24_atoms_24_519,24,-9.26863356,1,0.4952674175000009,0.9995662133333347
POSCAR_24_atoms_24_727,24,-9.2685919725,1,0.4953090050000011,0.999649388333335
POSCAR_24_atoms_24_784,24,-9.26833170625,1,0.49556927125,1.0001699208333328
POSCAR_24_atoms_24_577,24,-9.268001182916667,1,0.4958997945833339,1.0008309675000007
POSCAR_24_atoms_24_990,24,-9.267386320833333,1,0.4965146566666672,1.0020606916666672
POSCAR_24_atoms_24_1156,24,-9.267250765416668,1,0.4966502120833329,1.0023318024999988
POSCAR_24_atoms_24_812,24,-9.266817305416668,1,0.4970836720833329,1.0031987224999988
POSCAR_24_atoms_24_912,24,-9.266470701666666,1,0.4974302758333344,1.0038919300000018
POSCAR_24_atoms_24_740,24,-9.266417905416667,1,0.4974830720833338,1.0039975225000006
POSCAR_24_atoms_24_893,24,-9.266263599166667,1,0.4976373783333337,1.0043061350000002
POSCAR_24_atoms_24_522,24,-9.265632302083334,1,0.4982686754166661,1.005568729166665
POSCAR_24_atoms_24_572,24,-9.265493977916668,1,0.4984069995833327,1.0058453774999982
POSCAR_24_atoms_24_1051,24,-9.264577103333332,1,0.4993238741666684,1.0076791266666696
POSCAR_24_atoms_24_392,24,-9.264397432916667,1,0.4995035445833338,1.0080384675000005
POSCAR_24_atoms_24_1095,24,-9.264347988333332,1,0.4995529891666681,1.0081373566666691
POSCAR_24_atoms_24_244,24,-9.26409808625,1,0.4998028912500008,1.0086371608333344
POSCAR_24_atoms_24_530,24,-9.2638925575,1,0.5000084200000003,1.0090482183333336
POSCAR_24_atoms_24_4,24,-9.2636176425,1,0.5002833350000007,1.0095980483333342
POSCAR_24_atoms_24_981,24,-9.2634151425,1,0.500485835000001,1.0100030483333349
POSCAR_24_atoms_24_386,24,-9.263178402916667,1,0.5007225745833335,1.0104765274999998
POSCAR_24_atoms_24_257,24,-9.2624386925,1,0.5014622850000006,1.011955948333334
POSCAR_24_atoms_24_917,24,-9.262361648333334,1,0.5015393291666665,1.012110036666666
POSCAR_24_atoms_24_1017,24,-9.262335138333333,1,0.501565839166668,1.0121630566666688
POSCAR_24_atoms_24_156,24,-9.261770122083332,1,0.5021308554166684,1.0132930891666696
POSCAR_24_atoms_24_349,24,-9.261322466666668,1,0.5025785108333327,1.0141883999999983
POSCAR_24_atoms_24_315,24,-9.2609894575,1,0.5029115200000014,1.0148544183333357
POSCAR_24_atoms_24_961,24,-9.260644530416666,1,0.5032564470833343,1.0155442725000015
POSCAR_24_atoms_24_863,24,-9.260576594166666,1,0.5033243833333341,1.015680145000001
POSCAR_24_atoms_24_1041,24,-9.26001031,1,0.5038906675000003,1.0168127133333336
POSCAR_24_atoms_24_299,24,-9.25806835125,1,0.505832626250001,1.020696630833335
POSCAR_24_atoms_24_508,24,-9.25781784,1,0.506083137500001,1.021197653333335
POSCAR_24_atoms_24_1094,24,-9.257325079583334,1,0.5065758979166671,1.022183174166667
POSCAR_24_atoms_24_439,24,-9.256654883333333,1,0.5072460941666677,1.0235235666666682
POSCAR_24_atoms_24_1105,24,-9.256578407916667,1,0.5073225695833337,1.0236765175000002
POSCAR_24_atoms_24_130,24,-9.25638263,1,0.5075183475000014,1.0240680733333356
POSCAR_24_atoms_24_962,24,-9.256079977916666,1,0.5078209995833339,1.024673377500001
POSCAR_24_atoms_24_142,24,-9.256067601666668,1,0.5078333758333322,1.0246981299999973
POSCAR_24_atoms_24_606,24,-9.256048895833333,1,0.5078520816666678,1.0247355416666686
POSCAR_24_atoms_24_385,24,-9.255597815416666,1,0.5083031620833349,1.0256377025000027
POSCAR_24_atoms_24_907,24,-9.25533639375,1,0.508564583750001,1.026160545833335
POSCAR_24_atoms_24_862,24,-9.254635332916667,1,0.5092656445833335,1.0275626674999998
POSCAR_24_atoms_24_881,24,-9.254543785,1,0.5093571925000013,1.0277457633333356
POSCAR_24_atoms_24_1088,24,-9.2543887375,1,0.5095122400000012,1.0280558583333352
POSCAR_24_atoms_24_975,24,-9.253980019583333,1,0.5099209579166679,1.0288732941666687
POSCAR_24_atoms_24_381,24,-9.253941444583333,1,0.5099595329166675,1.028950444166668
POSCAR_24_atoms_24_52,24,-9.253772257083334,1,0.5101287204166667,1.0292888191666663
POSCAR_24_atoms_24_502,24,-9.253487756666667,1,0.5104132208333336,1.0298578200000001
POSCAR_24_atoms_24_342,24,-9.2534636525,1,0.5104373249999998,1.0299060283333326
POSCAR_24_atoms_24_640,24,-9.253226117916666,1,0.5106748595833341,1.0303810975000012
POSCAR_24_atoms_24_330,24,-9.25300617875,1,0.5108947987499999,1.0308209758333327
POSCAR_24_atoms_24_1111,24,-9.252812585833334,1,0.5110883916666662,1.0312081616666653
POSCAR_24_atoms_24_566,24,-9.252746667083334,1,0.511154310416666,1.031339999166665
POSCAR_24_atoms_24_670,24,-9.251766674583333,1,0.5121343029166674,1.0332999841666677
POSCAR_24_atoms_24_1188,24,-9.251097884583332,1,0.512803092916668,1.034637564166669
POSCAR_24_atoms_24_340,24,-9.250985542916666,1,0.5129154345833342,1.0348622475000013
POSCAR_24_atoms_24_1077,24,-9.250622794166668,1,0.5132781833333322,1.0355877449999973
POSCAR_24_atoms_24_587,24,-9.25012144875,1,0.5137795287499998,1.0365904358333324
POSCAR_24_atoms_24_716,24,-9.249528297083334,1,0.5143726804166668,1.0377767391666666
POSCAR_24_atoms_24_40,24,-9.248575140833333,1,0.5153258366666673,1.0396830516666675
POSCAR_24_atoms_24_454,24,-9.248178693333333,1,0.5157222841666673,1.0404759466666675
POSCAR_24_atoms_24_147,24,-9.247894910833333,1,0.5160060666666677,1.0410435116666683
POSCAR_24_atoms_24_313,24,-9.247835232916666,1,0.5160657445833348,1.0411628675000024
POSCAR_24_atoms_24_723,24,-9.247555939583334,1,0.5163450379166665,1.041721454166666
POSCAR_24_atoms_24_133,24,-9.247550487083332,1,0.5163504904166683,1.0417323591666694
POSCAR_24_atoms_24_802,24,-9.246642167916667,1,0.5172588095833337,1.0435489975000003
POSCAR_24_atoms_24_654,24,-9.246323210416667,1,0.5175777670833329,1.044186912499999
POSCAR_24_atoms_24_400,24,-9.246185315416666,1,0.5177156620833347,1.0444627025000024
POSCAR_24_atoms_24_625,24,-9.245935163333334,1,0.5179658141666668,1.0449630066666664
POSCAR_24_atoms_24_366,24,-9.245724550833334,1,0.5181764266666669,1.0453842316666666
POSCAR_24_atoms_24_137,24,-9.245630936666666,1,0.5182700408333343,1.0455714600000015
POSCAR_24_atoms_24_367,24,-9.243895835416668,1,0.5200051420833329,1.0490416624999988
POSCAR_24_atoms_24_1006,24,-9.24347988625,1,0.5204210912500002,1.0498735608333334
POSCAR_24_atoms_24_835,24,-9.24347847,1,0.5204225075000011,1.049876393333335
POSCAR_24_atoms_24_549,24,-9.2430511475,1,0.5208498300000013,1.0507310383333355
POSCAR_24_atoms_24_210,24,-9.24272602125,1,0.5211749562500003,1.0513812908333335
POSCAR_24_atoms_24_692,24,-9.242362469583332,1,0.5215385079166683,1.0521083941666696
POSCAR_24_atoms_24_357,24,-9.242083770416668,1,0.5218172070833322,1.0526657924999974
POSCAR_24_atoms_24_927,24,-9.241900690416667,1,0.5220002870833333,1.0530319524999996
POSCAR_24_atoms_24_865,24,-9.241555225833332,1,0.5223457516666681,1.053722881666669
POSCAR_24_atoms_24_195,24,-9.2409610225,1,0.522939955,1.054911288333333
POSCAR_24_atoms_24_616,24,-9.240767078333333,1,0.5231338991666679,1.0552991766666686
POSCAR_24_atoms_24_768,24,-9.240740438333333,1,0.5231605391666676,1.055352456666668
POSCAR_24_atoms_24_736,24,-9.240372891666668,1,0.5235280858333322,1.0560875499999973
POSCAR_24_atoms_24_874,24,-9.240372225416666,1,0.5235287520833349,1.0560888825000028
POSCAR_24_atoms_24_534,24,-9.240274732083334,1,0.5236262454166667,1.0562838691666663
POSCAR_24_atoms_24_325,24,-9.2401821625,1,0.5237188150000005,1.056469008333334
POSCAR_24_atoms_24_560,24,-9.240057464583334,1,0.5238435129166668,1.0567184041666664
POSCAR_24_atoms_24_1,24,-9.240029957083333,1,0.5238710204166672,1.0567734191666673
POSCAR_24_atoms_24_830,24,-9.2387139925,1,0.5251869850000013,1.0594053483333354
POSCAR_24_atoms_24_1083,24,-9.238629713333333,1,0.5252712641666673,1.0595739066666674
POSCAR_24_atoms_24_1067,24,-9.238447966666667,1,0.5254530108333331,1.059937399999999
POSCAR_24_atoms_24_958,24,-9.238419734166667,1,0.5254812433333331,1.0599938649999991
POSCAR_24_atoms_24_1059,24,-9.23838566125,1,0.5255153162500008,1.0600620108333345
POSCAR_24_atoms_24_632,24,-9.238231715416667,1,0.5256692620833334,1.0603699024999997
POSCAR_24_atoms_24_30,24,-9.238020344166666,1,0.525880633333335,1.060792645000003
POSCAR_24_atoms_24_473,24,-9.237635540416667,1,0.5262654370833335,1.0615622525
POSCAR_24_atoms_24_889,24,-9.23751087625,1,0.5263901012500014,1.0618115808333357
POSCAR_24_atoms_24_452,24,-9.237249227083334,1,0.5266517504166668,1.0623348791666665
POSCAR_24_atoms_24_67,24,-9.236922362083334,1,0.5269786154166667,1.0629886091666663
POSCAR_24_atoms_24_80,24,-9.236818614166667,1,0.5270823633333332,1.0631961049999994
POSCAR_24_atoms_24_1175,24,-9.2368044175,1,0.5270965600000004,1.0632244983333337
POSCAR_24_atoms_24_418,24,-9.2365065375,1,0.5273944400000001,1.0638202583333332
POSCAR_24_atoms_24_419,24,-9.236142911666667,1,0.5277580658333338,1.0645475100000006
POSCAR_24_atoms_24_378,24,-9.236077374583333,1,0.5278236029166674,1.0646785841666677
POSCAR_24_atoms_24_408,24,-9.235825997083333,1,0.5280749804166671,1.0651813391666671
POSCAR_24_atoms_24_216,24,-9.23551546875,1,0.5283855087500005,1.0658023958333338
POSCAR_24_atoms_24_298,24,-9.235364691666666,1,0.5285362858333347,1.0661039500000022
POSCAR_24_atoms_24_1195,24,-9.235036307083334,1,0.5288646704166666,1.0667607191666661
POSCAR_24_atoms_24_207,24,-9.234707060416666,1,0.5291939170833349,1.0674192125000026
POSCAR_24_atoms_24_265,24,-9.234643395416667,1,0.5292575820833338,1.0675465425000006
POSCAR_24_atoms_24_880,24,-9.234556605416666,1,0.5293443720833348,1.0677201225000026
POSCAR_24_atoms_24_465,24,-9.234336459583334,1,0.5295645179166666,1.068160414166666
POSCAR_24_atoms_24_833,24,-9.2342741775,1,0.5296268000000008,1.0682849783333346
POSCAR_24_atoms_24_1140,24,-9.23397776,1,0.5299232175000004,1.0688778133333336
POSCAR_24_atoms_24_602,24,-9.233761872083333,1,0.5301391054166675,1.069309589166668
POSCAR_24_atoms_24_717,24,-9.23363077375,1,0.5302702037499998,1.0695717858333325
POSCAR_24_atoms_24_710,24,-9.233601219166667,1,0.5302997583333333,1.0696308949999995
POSCAR_24_atoms_24_1136,24,-9.23344761,1,0.5304533674999998,1.0699381133333326
POSCAR_24_atoms_24_642,24,-9.233348756666668,1,0.5305522208333322,1.0701358199999973
POSCAR_24_atoms_24_35,24,-9.23323267875,1,0.5306682987500011,1.070367975833335
POSCAR_24_atoms_24_290,24,-9.233095944583333,1,0.5308050329166676,1.070641444166668
POSCAR_24_atoms_24_598,24,-9.23309014125,1,0.5308108362499997,1.0706530508333323
POSCAR_24_atoms_24_1138,24,-9.23299446125,1,0.5309065162500008,1.0708444108333346
POSCAR_24_atoms_24_1072,24,-9.2326357725,1,0.5312652050000004,1.0715617883333337
POSCAR_24_atoms_24_1146,24,-9.232612557083334,1,0.5312884204166668,1.0716082191666665
POSCAR_24_atoms_24_899,24,-9.232315361666666,1,0.5315856158333343,1.0722026100000015
POSCAR_24_atoms_24_382,24,-9.23211616625,1,0.5317848112500005,1.072601000833334
POSCAR_24_atoms_24_589,24,-9.2318704975,1,0.5320304800000013,1.0730923383333355
POSCAR_24_atoms_24_512,24,-9.231551335,1,0.5323496424999998,1.0737306633333326
POSCAR_24_atoms_24_759,24,-9.231417492916666,1,0.5324834845833344,1.0739983475000017
POSCAR_24_atoms_24_433,24,-9.2310360275,1,0.5328649500000004,1.0747612783333338
POSCAR_24_atoms_24_946,24,-9.230809595833334,1,0.5330913816666669,1.0752141416666667
POSCAR_24_atoms_24_774,24,-9.230321877916667,1,0.5335790995833332,1.0761895774999992
POSCAR_24_atoms_24_1191,24,-9.229725102916666,1,0.5341758745833349,1.0773831275000028
POSCAR_24_atoms_24_1172,24,-9.229720802916667,1,0.5341801745833337,1.0773917275000002
POSCAR_24_atoms_24_528,24,-9.229375394166668,1,0.5345255833333322,1.0780825449999973
POSCAR_24_atoms_24_657,24,-9.229160226666666,1,0.5347407508333344,1.0785128800000017
POSCAR_24_atoms_24_189,24,-9.228654469583333,1,0.5352465079166677,1.0795243941666683
POSCAR_24_atoms_24_1131,24,-9.228591928333334,1,0.5353090491666671,1.0796494766666669
POSCAR_24_atoms_24_221,24,-9.228499673333333,1,0.5354013041666672,1.0798339866666673
POSCAR_24_atoms_24_763,24,-9.22849672125,1,0.5354042562500005,1.079839890833334
POSCAR_24_atoms_24_776,24,-9.22805650625,1,0.5358444712499999,1.0807203208333327
POSCAR_24_atoms_24_490,24,-9.227555172916666,1,0.5363458045833339,1.081722987500001
POSCAR_24_atoms_24_435,24,-9.2269845525,1,0.5369164250000011,1.0828642283333352
POSCAR_24_atoms_24_793,24,-9.2269362825,1,0.536964695,1.0829607683333329
POSCAR_24_atoms_24_82,24,-9.226911280833333,1,0.5369896966666676,1.0830107716666681
POSCAR_24_atoms_24_1154,24,-9.226413428333332,1,0.5374875491666682,1.0840064766666693
POSCAR_24_atoms_24_123,24,-9.226318907916667,1,0.5375820695833333,1.0841955174999995
POSCAR_24_atoms_24_581,24,-9.226022279583333,1,0.5378786979166676,1.0847887741666682
POSCAR_24_atoms_24_738,24,-9.225950697083332,1,0.537950280416668,1.084931939166669
POSCAR_24_atoms_24_81,24,-9.22566978375,1,0.5382311937500006,1.0854937658333341
POSCAR_24_atoms_24_586,24,-9.22556842,1,0.5383325575000004,1.0856964933333337
POSCAR_24_atoms_24_909,24,-9.225183428333333,1,0.5387175491666678,1.0864664766666685
POSCAR_24_atoms_24_562,24,-9.225134092083334,1,0.5387668854166671,1.0865651491666668
POSCAR_24_atoms_24_344,24,-9.224974535416667,1,0.5389264420833335,1.0868842625
POSCAR_24_atoms_24_668,24,-9.224860744583333,1,0.5390402329166673,1.0871118441666674
POSCAR_24_atoms_24_91,24,-9.2247536725,1,0.5391473050000002,1.0873259883333333
POSCAR_24_atoms_24_994,24,-9.224399143333333,1,0.5395018341666677,1.0880350466666684
POSCAR_24_atoms_24_844,24,-9.224374120833334,1,0.5395268566666669,1.0880850916666667
POSCAR_24_atoms_24_580,24,-9.224227275833334,1,0.5396737016666666,1.0883787816666661
POSCAR_24_atoms_24_269,24,-9.2237401375,1,0.5401608400000004,1.0893530583333337
POSCAR_24_atoms_24_27,24,-9.22249144125,1,0.5414095362500007,1.0918504508333342
POSCAR_24_atoms_24_728,24,-9.222284798333334,1,0.5416161791666667,1.0922637366666663
POSCAR_24_atoms_24_374,24,-9.222255297916666,1,0.5416456795833344,1.0923227375000018
POSCAR_24_atoms_24_247,24,-9.222068390833334,1,0.5418325866666667,1.0926965516666662
POSCAR_24_atoms_24_1187,24,-9.221755242916666,1,0.5421457345833343,1.0933228475000014
POSCAR_24_atoms_24_851,24,-9.221747134583334,1,0.5421538429166671,1.093339064166667
POSCAR_24_atoms_24_441,24,-9.221627502916666,1,0.5422734745833342,1.0935783275000013
POSCAR_24_atoms_24_503,24,-9.2212979375,1,0.5426030400000013,1.0942374583333354
POSCAR_24_atoms_24_637,24,-9.221155734166668,1,0.5427452433333322,1.0945218649999973
POSCAR_24_atoms_24_518,24,-9.220282605833333,1,0.5436183716666676,1.096268121666668
POSCAR_24_atoms_24_213,24,-9.21978685,1,0.5441141275000003,1.0972596333333335
POSCAR_24_atoms_24_665,24,-9.219460639166668,1,0.5444403383333327,1.0979120549999983
POSCAR_24_atoms_24_734,24,-9.219027645833334,1,0.5448733316666665,1.098778041666666
POSCAR_24_atoms_24_328,24,-9.218683957916666,1,0.545217019583335,1.099465417500003
POSCAR_24_atoms_24_303,24,-9.218671880416666,1,0.5452290970833342,1.0994895725000013
POSCAR_24_atoms_24_148,24,-9.218569950833333,1,0.545331026666668,1.0996934316666689
POSCAR_24_atoms_24_680,24,-9.218495385416666,1,0.5454055920833341,1.099842562500001
POSCAR_24_atoms_24_86,24,-9.218448715416667,1,0.5454522620833337,1.0999359025000004
POSCAR_24_atoms_24_1092,24,-9.21839216375,1,0.5455088137500006,1.100049005833334
POSCAR_24_atoms_24_17,24,-9.2182777175,1,0.545623260000001,1.100277898333335
POSCAR_24_atoms_24_412,24,-9.218277588333333,1,0.5456233891666677,1.1002781566666684
POSCAR_24_atoms_24_702,24,-9.218101459166666,1,0.5457995183333342,1.1006304150000012
POSCAR_24_atoms_24_1098,24,-9.2178382325,1,0.5460627450000004,1.1011568683333337
POSCAR_24_atoms_24_595,24,-9.2176432575,1,0.5462577199999998,1.1015468183333326
POSCAR_24_atoms_24_1008,24,-9.217152890416667,1,0.5467480870833334,1.1025275524999998
POSCAR_24_atoms_24_114,24,-9.217116455,1,0.5467845225000012,1.1026004233333353
POSCAR_24_atoms_24_347,24,-9.216707072083333,1,0.5471939054166679,1.1034191891666687
POSCAR_24_atoms_24_242,24,-9.216537439583332,1,0.5473635379166684,1.1037584541666696
POSCAR_24_atoms_24_201,24,-9.21586514625,1,0.5480358312500009,1.1051030408333347
POSCAR_24_atoms_24_965,24,-9.215784436666667,1,0.5481165408333339,1.1052644600000008
POSCAR_24_atoms_24_1164,24,-9.215339670416666,1,0.5485613070833342,1.1061539925000012
POSCAR_24_atoms_24_647,24,-9.215171739166667,1,0.5487292383333333,1.1064898549999995
POSCAR_24_atoms_24_662,24,-9.215134539166668,1,0.5487664383333328,1.1065642549999986
POSCAR_24_atoms_24_656,24,-9.215122369166666,1,0.5487786083333344,1.1065885950000016
POSCAR_24_atoms_24_423,24,-9.214519862916667,1,0.5493811145833334,1.1077936074999997
POSCAR_24_atoms_24_25,24,-9.214326437083333,1,0.5495745404166676,1.1081804591666682
POSCAR_24_atoms_24_485,24,-9.214096817083332,1,0.5498041604166684,1.1086396991666696
POSCAR_24_atoms_24_873,24,-9.213736161666667,1,0.5501648158333339,1.1093610100000006
POSCAR_24_atoms_24_780,24,-9.213664748333334,1,0.550236229166666,1.109503836666665
POSCAR_24_atoms_24_259,24,-9.2131009625,1,0.5508000150000001,1.110631408333333
POSCAR_24_atoms_24_464,24,-9.213048652916667,1,0.5508523245833334,1.1107360274999998
POSCAR_24_atoms_24_241,24,-9.212642857083333,1,0.5512581204166676,1.111547619166668
POSCAR_24_atoms_24_250,24,-9.211802669166667,1,0.5520983083333331,1.113227994999999
POSCAR_24_atoms_24_1173,24,-9.211437447083332,1,0.5524635304166683,1.1139584391666695
POSCAR_24_atoms_24_83,24,-9.211360719166667,1,0.5525402583333339,1.1141118950000006
POSCAR_24_atoms_24_105,24,-9.211143650833334,1,0.5527573266666668,1.1145460316666664
POSCAR_24_atoms_24_126,24,-9.210952967916667,1,0.5529480095833339,1.1149273975000007
POSCAR_24_atoms_24_457,24,-9.21080469375,1,0.5530962837500013,1.1152239458333355
POSCAR_24_atoms_24_1052,24,-9.210621125416667,1,0.5532798520833335,1.1155910825
POSCAR_24_atoms_24_838,24,-9.210594159166666,1,0.5533068183333345,1.115645015000002
POSCAR_24_atoms_24_574,24,-9.210380634166668,1,0.5535203433333322,1.1160720649999973
POSCAR_24_atoms_24_92,24,-9.210257936666666,1,0.5536430408333342,1.1163174600000012
POSCAR_24_atoms_24_777,24,-9.209640540416666,1,0.5542604370833342,1.1175522525000012
POSCAR_24_atoms_24_614,24,-9.20957079625,1,0.5543301812500001,1.1176917408333331
POSCAR_24_atoms_24_219,24,-9.209454329583332,1,0.5544466479166683,1.1179246741666695
POSCAR_24_atoms_24_327,24,-9.208906389166666,1,0.5549945883333347,1.1190205550000023
POSCAR_24_atoms_24_1148,24,-9.208138646666667,1,0.5557623308333337,1.1205560400000003
POSCAR_24_atoms_24_622,24,-9.2075307575,1,0.5563702199999998,1.1217718183333325
POSCAR_24_atoms_24_56,24,-9.2073034625,1,0.556597515,1.1222264083333329
POSCAR_24_atoms_24_235,24,-9.207299643333334,1,0.5566013341666665,1.1222340466666658
POSCAR_24_atoms_24_1044,24,-9.20717464,1,0.5567263375000007,1.1224840533333342
POSCAR_24_atoms_24_1025,24,-9.207032673333334,1,0.5568683041666667,1.1227679866666662
POSCAR_24_atoms_24_1144,24,-9.206947147916667,1,0.5569538295833336,1.1229390375000001
POSCAR_24_atoms_24_1062,24,-9.206929960833332,1,0.5569710166666688,1.1229734116666705
POSCAR_24_atoms_24_621,24,-9.206613595416666,1,0.5572873820833344,1.1236061425000017
POSCAR_24_atoms_24_644,24,-9.206451075416666,1,0.5574499020833343,1.1239311825000016
POSCAR_24_atoms_24_266,24,-9.20622289375,1,0.5576780837499999,1.1243875458333328
POSCAR_24_atoms_24_23,24,-9.205833815,1,0.5580671625000004,1.1251657033333338
POSCAR_24_atoms_24_1185,24,-9.2057349,1,0.558166077500001,1.125363533333335
POSCAR_24_atoms_24_594,24,-9.205643975,1,0.5582570025000013,1.1255453833333355
POSCAR_24_atoms_24_78,24,-9.205485100833334,1,0.5584158766666665,1.1258631316666659
POSCAR_24_atoms_24_1065,24,-9.204587707083332,1,0.5593132704166681,1.1276579191666691
POSCAR_24_atoms_24_942,24,-9.20444484875,1,0.55945612875,1.1279436358333328
POSCAR_24_atoms_24_1153,24,-9.204107303333332,1,0.5597936741666683,1.1286187266666694
POSCAR_24_atoms_24_792,24,-9.204054965416667,1,0.5598460120833337,1.1287234025000004
POSCAR_24_atoms_24_77,24,-9.203844652083333,1,0.5600563254166673,1.1291440291666675
POSCAR_24_atoms_24_254,24,-9.203404515,1,0.5604964624999997,1.1300243033333324
POSCAR_24_atoms_24_998,24,-9.20308402,1,0.5608169575000002,1.1306652933333332
POSCAR_24_atoms_24_249,24,-9.202775882083333,1,0.5611250954166671,1.1312815691666671
POSCAR_24_atoms_24_825,24,-9.20247342375,1,0.5614275537500006,1.1318864858333342
POSCAR_24_atoms_24_443,24,-9.201836999166668,1,0.5620639783333328,1.1331593349999984
POSCAR_24_atoms_24_1012,24,-9.201731267083334,1,0.5621697104166667,1.1333707991666664
POSCAR_24_atoms_24_1097,24,-9.201590254166666,1,0.5623107233333346,1.1336528250000022
POSCAR_24_atoms_24_945,24,-9.20100854375,1,0.562892433750001,1.1348162458333348
POSCAR_24_atoms_24_329,24,-9.200917245,1,0.5629837325000011,1.1349988433333351
POSCAR_24_atoms_24_18,24,-9.200597691666667,1,0.5633032858333333,1.1356379499999996
POSCAR_24_atoms_24_1057,24,-9.2004274325,1,0.5634735450000008,1.1359784683333345
POSCAR_24_atoms_24_193,24,-9.200289199583333,1,0.5636117779166678,1.1362549341666686
POSCAR_24_atoms_24_318,24,-9.20001389625,1,0.5638870812499999,1.1368055408333326
POSCAR_24_atoms_24_136,24,-9.19995348875,1,0.5639474887500011,1.1369263558333351
POSCAR_24_atoms_24_1162,24,-9.19992634375,1,0.56397463375,1.136980645833333
POSCAR_24_atoms_24_483,24,-9.199465925,1,0.5644350525000004,1.1379014833333336
POSCAR_24_atoms_24_921,24,-9.199129942916667,1,0.5647710345833339,1.1385734475000007
POSCAR_24_atoms_24_853,24,-9.198898492083334,1,0.5650024854166666,1.1390363491666662
POSCAR_24_atoms_24_127,24,-9.198501267083332,1,0.5653997104166688,1.1398307991666705
POSCAR_24_atoms_24_750,24,-9.19849051,1,0.5654104675000013,1.1398523133333356
POSCAR_24_atoms_24_424,24,-9.1983955225,1,0.5655054550000003,1.1400422883333334
POSCAR_24_atoms_24_154,24,-9.198156332083334,1,0.5657446454166664,1.1405206691666656
POSCAR_24_atoms_24_162,24,-9.197841775833334,1,0.5660592016666666,1.141149781666666
POSCAR_24_atoms_24_714,24,-9.1972504375,1,0.5666505400000013,1.1423324583333354
POSCAR_24_atoms_24_1060,24,-9.197018265833334,1,0.5668827116666666,1.142796801666666
POSCAR_24_atoms_24_212,24,-9.196599789583333,1,0.5673011879166676,1.1436337541666681
POSCAR_24_atoms_24_319,24,-9.195892854166667,1,0.5680081233333336,1.1450476250000001
POSCAR_24_atoms_24_653,24,-9.195412425,1,0.5684885524999999,1.1460084833333326
POSCAR_24_atoms_24_285,24,-9.195279017916667,1,0.568621959583334,1.1462752975000008
POSCAR_24_atoms_24_856,24,-9.19524233125,1,0.5686586462500003,1.1463486708333335
POSCAR_24_atoms_24_351,24,-9.195131690833334,1,0.5687692866666669,1.1465699516666668
POSCAR_24_atoms_24_211,24,-9.1946875375,1,0.5692134400000004,1.1474582583333337
POSCAR_24_atoms_24_884,24,-9.194367936666668,1,0.569533040833333,1.148097459999999
POSCAR_24_atoms_24_514,24,-9.194265377916668,1,0.5696355995833322,1.1483025774999973
POSCAR_24_atoms_24_1161,24,-9.193917977083332,1,0.5699830004166682,1.1489973791666692
POSCAR_24_atoms_24_1113,24,-9.19391228375,1,0.56998869375,1.149008765833333
POSCAR_24_atoms_24_143,24,-9.19385042,1,0.5700505575000001,1.1491324933333331
POSCAR_24_atoms_24_845,24,-9.193767835,1,0.5701331425000014,1.1492976633333356
POSCAR_24_atoms_24_440,24,-9.193305562916667,1,0.5705954145833338,1.1502222075000006
POSCAR_24_atoms_24_629,24,-9.193244951666667,1,0.5706560258333333,1.1503434299999995
POSCAR_24_atoms_24_575,24,-9.193231358333334,1,0.5706696191666669,1.1503706166666667
POSCAR_24_atoms_24_141,24,-9.193111539166667,1,0.5707894383333336,1.1506102550000001
POSCAR_24_atoms_24_505,24,-9.193026081666668,1,0.5708748958333327,1.1507811699999984
POSCAR_24_atoms_24_306,24,-9.193022321666666,1,0.5708786558333347,1.1507886900000024
POSCAR_24_atoms_24_1101,24,-9.192400787083333,1,0.5715001904166677,1.1520317591666682
POSCAR_24_atoms_24_1178,24,-9.19158771125,1,0.572313266250001,1.153657910833335
POSCAR_24_atoms_24_724,24,-9.19155321,1,0.5723477675000002,1.1537269133333332
POSCAR_24_atoms_24_226,24,-9.19153579375,1,0.5723651837499997,1.1537617458333322
POSCAR_24_atoms_24_444,24,-9.190907047083334,1,0.5729939304166667,1.1550192391666663
POSCAR_24_atoms_24_479,24,-9.190077692916667,1,0.5738232845833338,1.1566779475000004
POSCAR_24_atoms_24_1176,24,-9.18963631125,1,0.5742646662500004,1.1575607108333337
POSCAR_24_atoms_24_98,24,-9.188980917916666,1,0.5749200595833344,1.1588714975000016
POSCAR_24_atoms_24_896,24,-9.188190001666667,1,0.5757109758333332,1.1604533299999993
POSCAR_24_atoms_24_175,24,-9.18803402125,1,0.5758669562500014,1.1607652908333357
POSCAR_24_atoms_24_624,24,-9.187999536666666,1,0.5759014408333343,1.1608342600000014
POSCAR_24_atoms_24_1170,24,-9.187994582083332,1,0.5759063954166681,1.160844169166669
POSCAR_24_atoms_24_264,24,-9.187865715833334,1,0.5760352616666662,1.1611019016666653
POSCAR_24_atoms_24_151,24,-9.18770338125,1,0.576197596250001,1.161426570833335
POSCAR_24_atoms_24_933,24,-9.187564835416667,1,0.5763361420833331,1.161703662499999
POSCAR_24_atoms_24_228,24,-9.187481885416666,1,0.5764190920833343,1.1618695625000015
POSCAR_24_atoms_24_973,24,-9.187071301666666,1,0.5768296758333342,1.1626907300000013
POSCAR_24_atoms_24_169,24,-9.186954280416666,1,0.5769466970833346,1.162924772500002
POSCAR_24_atoms_24_583,24,-9.18646444875,1,0.5774365287500007,1.1639044358333344
POSCAR_24_atoms_24_1150,24,-9.186363482916667,1,0.5775374945833338,1.1641063675000005
POSCAR_24_atoms_24_789,24,-9.186328288333334,1,0.5775726891666668,1.1641767566666665
POSCAR_24_atoms_24_507,24,-9.185903806666667,1,0.5779971708333331,1.1650257199999992
POSCAR_24_atoms_24_712,24,-9.185482785,1,0.5784181925000009,1.1658677633333348
POSCAR_24_atoms_24_971,24,-9.185047545416667,1,0.5788534320833332,1.1667382424999992
POSCAR_24_atoms_24_516,24,-9.1847670725,1,0.5791339050000008,1.1672991883333346
POSCAR_24_atoms_24_766,24,-9.184723828333334,1,0.5791771491666662,1.1673856766666653
POSCAR_24_atoms_24_1100,24,-9.184448245,1,0.5794527325000001,1.167936843333333
POSCAR_24_atoms_24_1182,24,-9.18430723625,1,0.579593741250001,1.1682188608333348
POSCAR_24_atoms_24_643,24,-9.183702365416666,1,0.5801986120833345,1.1694286025000018
POSCAR_24_atoms_24_785,24,-9.183488917083332,1,0.5804120604166679,1.169855499166669
POSCAR_24_atoms_24_1147,24,-9.18348009375,1,0.5804208837500013,1.1698731458333356
POSCAR_24_atoms_24_827,24,-9.18300829625,1,0.5808926812500008,1.1708167408333345
POSCAR_24_atoms_24_541,24,-9.182943842083334,1,0.580957135416666,1.170945649166665
POSCAR_24_atoms_24_608,24,-9.182775512916667,1,0.5811254645833337,1.1712823075000003
POSCAR_24_atoms_24_968,24,-9.182730176666666,1,0.5811708008333341,1.171372980000001
POSCAR_24_atoms_24_70,24,-9.182701403333336,1,0.5811995741666642,1.1714305266666614
POSCAR_24_atoms_24_476,24,-9.18247827875,1,0.58142269875,1.1718767758333328
POSCAR_24_atoms_24_615,24,-9.182450207916666,1,0.5814507695833342,1.1719329175000013
POSCAR_24_atoms_24_447,24,-9.182403527916668,1,0.5814974495833329,1.1720262774999988
POSCAR_24_atoms_24_902,24,-9.18194964125,1,0.5819513362500004,1.1729340508333337
POSCAR_24_atoms_24_584,24,-9.181732106666667,1,0.5821688708333337,1.1733691200000003
POSCAR_24_atoms_24_229,24,-9.181130808333334,1,0.5827701691666665,1.1745717166666658
POSCAR_24_atoms_24_756,24,-9.18086853375,1,0.5830324437500014,1.1750962658333357
POSCAR_24_atoms_24_848,24,-9.180029735416666,1,0.583871242083335,1.1767738625000028
POSCAR_24_atoms_24_373,24,-9.17979441875,1,0.5841065587500012,1.1772444958333352
POSCAR_24_atoms_24_445,24,-9.179192779166668,1,0.5847081983333329,1.1784477749999986
POSCAR_24_atoms_24_427,24,-9.179163219166666,1,0.5847377583333344,1.1785068950000017
POSCAR_24_atoms_24_673,24,-9.178872034166666,1,0.5850289433333344,1.1790892650000018
POSCAR_24_atoms_24_115,24,-9.17863425625,1,0.5852667212500009,1.1795648208333347
POSCAR_24_atoms_24_15,24,-9.17843878125,1,0.5854621962500008,1.1799557708333346
POSCAR_24_atoms_24_861,24,-9.178152974166666,1,0.5857480033333342,1.1805273850000013
POSCAR_24_atoms_24_101,24,-9.1777005325,1,0.5862004450000011,1.1814322683333351
POSCAR_24_atoms_24_688,24,-9.177490530416668,1,0.5864104470833329,1.1818522724999987
POSCAR_24_atoms_24_1110,24,-9.177443450833334,1,0.5864575266666671,1.1819464316666668
POSCAR_24_atoms_24_12,24,-9.177084300833334,1,0.5868166766666665,1.1826647316666659
POSCAR_24_atoms_24_846,24,-9.17694002375,1,0.5869609537500011,1.1829532858333351
POSCAR_24_atoms_24_741,24,-9.176934005416667,1,0.5869669720833333,1.1829653224999994
POSCAR_24_atoms_24_2,24,-9.176890655,1,0.5870103225000012,1.1830520233333353
POSCAR_24_atoms_24_160,24,-9.17682945875,1,0.5870715187500011,1.183174415833335
POSCAR_24_atoms_24_1151,24,-9.17645008625,1,0.5874508912500005,1.1839331608333339
POSCAR_24_atoms_24_481,24,-9.176158267916668,1,0.587742709583333,1.1845167974999988
POSCAR_24_atoms_24_470,24,-9.176000436666667,1,0.5879005408333331,1.184832459999999
POSCAR_24_atoms_24_834,24,-9.175733309583334,1,0.5881676679166663,1.1853667141666655
POSCAR_24_atoms_24_753,24,-9.1755429575,1,0.5883580200000011,1.1857474183333352
POSCAR_24_atoms_24_540,24,-9.175006938333334,1,0.5888940391666662,1.1868194566666652
POSCAR_24_atoms_24_1086,24,-9.174570658333334,1,0.5893303191666668,1.1876920166666665
POSCAR_24_atoms_24_293,24,-9.173671272916666,1,0.5902297045833347,1.1894907875000023
POSCAR_24_atoms_24_370,24,-9.173551430833333,1,0.5903495466666673,1.1897304716666675
POSCAR_24_atoms_24_1078,24,-9.17324708125,1,0.5906538962500001,1.190339170833333
POSCAR_24_atoms_24_919,24,-9.173218520416668,1,0.5906824570833322,1.1903962924999973
POSCAR_24_atoms_24_700,24,-9.17317323,1,0.5907277475000008,1.1904868733333345
POSCAR_24_atoms_24_365,24,-9.17293209875,1,0.5909688787500009,1.1909691358333347
POSCAR_24_atoms_24_529,24,-9.172855032916667,1,0.5910459445833336,1.1911232675
POSCAR_24_atoms_24_790,24,-9.17270916375,1,0.591191813750001,1.1914150058333348
POSCAR_24_atoms_24_297,24,-9.172665214583336,1,0.5912357629166642,1.1915029041666614
POSCAR_24_atoms_24_209,24,-9.172496562916667,1,0.5914044145833337,1.1918402075000003
POSCAR_24_atoms_24_468,24,-9.172383750833333,1,0.5915172266666673,1.1920658316666675
POSCAR_24_atoms_24_520,24,-9.172041414166666,1,0.591859563333335,1.192750505000003
POSCAR_24_atoms_24_1108,24,-9.171867612083334,1,0.5920333654166665,1.193098109166666
POSCAR_24_atoms_24_6,24,-9.1716835025,1,0.592217475,1.1934663283333329
POSCAR_24_atoms_24_778,24,-9.170944555833334,1,0.5929564216666671,1.1949442216666668
POSCAR_24_atoms_24_409,24,-9.169939727916667,1,0.5939612495833337,1.1969538775000004
POSCAR_24_atoms_24_535,24,-9.169187687916667,1,0.5947132895833338,1.1984579575000005
POSCAR_24_atoms_24_277,24,-9.169066032916666,1,0.5948349445833347,1.1987012675000024
POSCAR_24_atoms_24_870,24,-9.168900602916667,1,0.5950003745833339,1.1990321275000007
POSCAR_24_atoms_24_742,24,-9.168615105833334,1,0.5952858716666665,1.1996031216666658
POSCAR_24_atoms_24_466,24,-9.1685680025,1,0.5953329749999998,1.1996973283333325
POSCAR_24_atoms_24_732,24,-9.16844389875,1,0.59545707875,1.1999455358333329
POSCAR_24_atoms_24_1022,24,-9.168087712916668,1,0.5958132645833327,1.2006579074999983
POSCAR_24_atoms_24_286,24,-9.16763874375,1,0.5962622337500001,1.201555845833333
POSCAR_24_atoms_24_174,24,-9.167601348333333,1,0.5962996291666673,1.2016306366666676
POSCAR_24_atoms_24_669,24,-9.167039221666666,1,0.5968617558333342,1.2027548900000014
POSCAR_24_atoms_24_302,24,-9.166993685,1,0.596907292500001,1.2028459633333348
POSCAR_24_atoms_24_1047,24,-9.166384930833333,1,0.5975160466666676,1.204063471666668
POSCAR_24_atoms_24_494,24,-9.166246929583332,1,0.5976540479166683,1.2043394741666695
POSCAR_24_atoms_24_128,24,-9.16597066875,1,0.5979303087499996,1.2048919958333322
POSCAR_24_atoms_24_10,24,-9.165739441666666,1,0.5981615358333343,1.2053544500000015
POSCAR_24_atoms_24_1197,24,-9.165570273333334,1,0.598330704166667,1.205692786666667
POSCAR_24_atoms_24_1029,24,-9.164711200416667,1,0.5991897770833337,1.2074109325000002
POSCAR_24_atoms_24_754,24,-9.164340167083333,1,0.5995608104166674,1.2081529991666677
POSCAR_24_atoms_24_564,24,-9.164311049583334,1,0.5995899279166661,1.208211234166665
POSCAR_24_atoms_24_1000,24,-9.164124287916666,1,0.5997766895833347,1.2085847575000024
POSCAR_24_atoms_24_620,24,-9.163696555,1,0.600204422500001,1.2094402233333348
POSCAR_24_atoms_24_623,24,-9.163651293333333,1,0.600249684166668,1.209530746666669
POSCAR_24_atoms_24_84,24,-9.1634630575,1,0.600437920000001,1.2099072183333348
POSCAR_24_atoms_24_563,24,-9.16322119125,1,0.6006797862499997,1.2103909508333324
POSCAR_24_atoms_24_472,24,-9.163219565,1,0.6006814125000002,1.2103942033333333
POSCAR_24_atoms_24_352,24,-9.1629774,1,0.6009235774999997,1.2108785333333323
POSCAR_24_atoms_24_729,24,-9.162802605833333,1,0.6010983716666676,1.211228121666668
POSCAR_24_atoms_24_188,24,-9.162655223333333,1,0.6012457541666674,1.2115228866666676
POSCAR_24_atoms_24_849,24,-9.1619390075,1,0.6019619700000014,1.2129553183333357
POSCAR_24_atoms_24_604,24,-9.161877841666668,1,0.602023135833333,1.213077649999999
POSCAR_24_atoms_24_631,24,-9.161866810416667,1,0.6020341670833336,1.2130997125
POSCAR_24_atoms_24_985,24,-9.16172341,1,0.6021775675000001,1.213386513333333
POSCAR_24_atoms_24_321,24,-9.161661789166667,1,0.6022391883333338,1.2135097550000005
POSCAR_24_atoms_24_930,24,-9.160463460833332,1,0.6034375166666681,1.2159064116666691
POSCAR_24_atoms_24_722,24,-9.160340809166668,1,0.6035601683333329,1.2161517149999987
POSCAR_24_atoms_24_380,24,-9.160300485833334,1,0.6036004916666666,1.2162323616666662
POSCAR_24_atoms_24_1043,24,-9.159693327083334,1,0.6042076504166669,1.2174466791666667
POSCAR_24_atoms_24_103,24,-9.159408350833333,1,0.6044926266666675,1.2180166316666678
POSCAR_24_atoms_24_375,24,-9.159223618333334,1,0.6046773591666668,1.2183860966666664
POSCAR_24_atoms_24_983,24,-9.158712950833333,1,0.6051880266666672,1.2194074316666672
POSCAR_24_atoms_24_312,24,-9.158526976666666,1,0.6053740008333346,1.219779380000002
POSCAR_24_atoms_24_124,24,-9.15810550875,1,0.6057954687500011,1.2206223158333351
POSCAR_24_atoms_24_1089,24,-9.157706775,1,0.6061942025000011,1.2214197833333351
POSCAR_24_atoms_24_281,24,-9.157464450416667,1,0.6064365270833338,1.2219044325000006
POSCAR_24_atoms_24_1034,24,-9.157368315416667,1,0.6065326620833336,1.2220967025
POSCAR_24_atoms_24_339,24,-9.156802880833334,1,0.6070980966666664,1.2232275716666656
POSCAR_24_atoms_24_7,24,-9.156736215416666,1,0.6071647620833343,1.2233609025000014
POSCAR_24_atoms_24_395,24,-9.156476243333334,1,0.607424734166667,1.2238808466666669
POSCAR_24_atoms_24_446,24,-9.155634058333334,1,0.6082669191666668,1.2255652166666664
POSCAR_24_atoms_24_19,24,-9.15547454375,1,0.6084264337500009,1.2258842458333348
POSCAR_24_atoms_24_462,24,-9.15538214,1,0.6085188375000001,1.2260690533333332
POSCAR_24_atoms_24_978,24,-9.155293568333333,1,0.6086074091666678,1.2262461966666685
POSCAR_24_atoms_24_995,24,-9.1546942525,1,0.609206725,1.2274448283333328
POSCAR_24_atoms_24_1027,24,-9.154597916666667,1,0.6093030608333336,1.2276375000000002
POSCAR_24_atoms_24_903,24,-9.154512985,1,0.6093879925000003,1.2278073633333335
POSCAR_24_atoms_24_450,24,-9.154433165833334,1,0.6094678116666667,1.2279670016666664
POSCAR_24_atoms_24_588,24,-9.15436175375,1,0.6095392237499997,1.2281098258333323
POSCAR_24_atoms_24_611,24,-9.154338892916668,1,0.6095620845833327,1.2281555474999983
POSCAR_24_atoms_24_1050,24,-9.153490654166667,1,0.6104103233333333,1.2298520249999996
POSCAR_24_atoms_24_871,24,-9.153370430416668,1,0.6105305470833322,1.2300924724999973
POSCAR_24_atoms_24_1180,24,-9.1532688975,1,0.6106320800000002,1.2302955383333334
POSCAR_24_atoms_24_463,24,-9.152641022916667,1,0.6112599545833337,1.2315512875000003
POSCAR_24_atoms_24_113,24,-9.152560686666666,1,0.6113402908333345,1.231711960000002
POSCAR_24_atoms_24_814,24,-9.152527570416668,1,0.6113734070833328,1.2317781924999984
POSCAR_24_atoms_24_650,24,-9.152235269166667,1,0.6116657083333337,1.2323627950000002
POSCAR_24_atoms_24_708,24,-9.152231075,1,0.611669902500001,1.2323711833333348
POSCAR_24_atoms_24_726,24,-9.1517059675,1,0.6121950100000007,1.2334213983333342
POSCAR_24_atoms_24_75,24,-9.151025047083333,1,0.6128759304166671,1.234783239166667
POSCAR_24_atoms_24_922,24,-9.151013723333334,1,0.612887254166667,1.234805886666667
POSCAR_24_atoms_24_698,24,-9.150754394166666,1,0.6131465833333339,1.235324545000001
POSCAR_24_atoms_24_282,24,-9.149666139166667,1,0.6142348383333331,1.2375010549999992
POSCAR_24_atoms_24_986,24,-9.149648619583333,1,0.6142523579166674,1.2375360941666678
POSCAR_24_atoms_24_68,24,-9.149314010833333,1,0.6145869666666677,1.2382053116666683
POSCAR_24_atoms_24_122,24,-9.149090159583332,1,0.614810817916668,1.238653014166669
POSCAR_24_atoms_24_504,24,-9.148463285416666,1,0.6154376920833347,1.2399067625000022
POSCAR_24_atoms_24_748,24,-9.148077015416666,1,0.6158239620833346,1.240679302500002
POSCAR_24_atoms_24_296,24,-9.147362610416666,1,0.6165383670833346,1.2421081125000022
POSCAR_24_atoms_24_496,24,-9.147276444583332,1,0.6166245329166689,1.2422804441666706
POSCAR_24_atoms_24_513,24,-9.14670092375,1,0.6172000537500004,1.2434314858333337
POSCAR_24_atoms_24_931,24,-9.146614805416666,1,0.6172861720833343,1.2436037225000014
POSCAR_24_atoms_24_234,24,-9.14624454,1,0.6176564375000009,1.2443442533333346
POSCAR_24_atoms_24_159,24,-9.146175224166667,1,0.6177257533333336,1.244482885
POSCAR_24_atoms_24_536,24,-9.145892192083332,1,0.6180087854166683,1.2450489491666694
POSCAR_24_atoms_24_686,24,-9.14584030625,1,0.6180606712500012,1.2451527208333353
POSCAR_24_atoms_24_613,24,-9.145688851666668,1,0.6182121258333328,1.2454556299999986
POSCAR_24_atoms_24_1013,24,-9.145231756666666,1,0.6186692208333344,1.2463698200000017
POSCAR_24_atoms_24_941,24,-9.144784288333334,1,0.6191166891666668,1.2472647566666666
POSCAR_24_atoms_24_1035,24,-9.144248265,1,0.6196527125000006,1.2483368033333342
POSCAR_24_atoms_24_1056,24,-9.144039549583333,1,0.6198614279166677,1.2487542341666682
POSCAR_24_atoms_24_356,24,-9.1438563525,1,0.6200446250000002,1.2491206283333334
POSCAR_24_atoms_24_230,24,-9.143824512083333,1,0.6200764654166679,1.2491843091666688
POSCAR_24_atoms_24_258,24,-9.143776253333334,1,0.6201247241666668,1.2492808266666664
POSCAR_24_atoms_24_394,24,-9.14335225375,1,0.6205487237499998,1.2501288258333325
POSCAR_24_atoms_24_107,24,-9.143212115833334,1,0.6206888616666664,1.2504091016666656
POSCAR_24_atoms_24_705,24,-9.142946816666667,1,0.6209541608333335,1.2509397
POSCAR_24_atoms_24_196,24,-9.142844785833333,1,0.6210561916666677,1.2511437616666683
POSCAR_24_atoms_24_194,24,-9.14267604,1,0.621224937500001,1.2514812533333348
POSCAR_24_atoms_24_617,24,-9.142568200416667,1,0.6213327770833335,1.2516969324999998
POSCAR_24_atoms_24_176,24,-9.141915280833333,1,0.6219856966666679,1.2530027716666687
POSCAR_24_atoms_24_1163,24,-9.141692917916666,1,0.6222080595833344,1.2534474975000016
POSCAR_24_atoms_24_415,24,-9.141548147916668,1,0.6223528295833329,1.2537370374999988
POSCAR_24_atoms_24_524,24,-9.14118497,1,0.6227160075000011,1.2544633933333351
POSCAR_24_atoms_24_966,24,-9.140566602916666,1,0.6233343745833348,1.2557001275000026
POSCAR_24_atoms_24_283,24,-9.140454032916667,1,0.6234469445833337,1.2559252675000003
POSCAR_24_atoms_24_368,24,-9.140167746666666,1,0.6237332308333343,1.2564978400000015
POSCAR_24_atoms_24_186,24,-9.139149960416667,1,0.6247510170833337,1.2585334125000003
POSCAR_24_atoms_24_1004,24,-9.139100557916667,1,0.6248004195833339,1.2586322175000006
POSCAR_24_atoms_24_1026,24,-9.138737408333332,1,0.6251635691666682,1.2593585166666692
POSCAR_24_atoms_24_55,24,-9.138533842916667,1,0.6253671345833336,1.2597656475
POSCAR_24_atoms_24_198,24,-9.138117340416667,1,0.6257836370833338,1.2605986525000006
POSCAR_24_atoms_24_475,24,-9.136397169583333,1,0.6275038079166677,1.2640389941666683
POSCAR_24_atoms_24_1114,24,-9.13631189375,1,0.6275890837500011,1.2642095458333351
POSCAR_24_atoms_24_605,24,-9.136228085416667,1,0.6276728920833339,1.2643771625000007
POSCAR_24_atoms_24_231,24,-9.135550714166667,1,0.6283502633333331,1.265731904999999
POSCAR_24_atoms_24_171,24,-9.13544774,1,0.6284532375000005,1.2659378533333339
POSCAR_24_atoms_24_556,24,-9.13543829625,1,0.6284626812500012,1.2659567408333352
POSCAR_24_atoms_24_510,24,-9.1352294525,1,0.6286715249999997,1.2663744283333322
POSCAR_24_atoms_24_26,24,-9.13468434375,1,0.6292166337500014,1.2674646458333356
POSCAR_24_atoms_24_58,24,-9.134620138333334,1,0.6292808391666664,1.2675930566666658
POSCAR_24_atoms_24_164,24,-9.134547059166666,1,0.6293539183333348,1.2677392150000024
POSCAR_24_atoms_24_603,24,-9.134445159583334,1,0.629455817916666,1.267943014166665
POSCAR_24_atoms_24_552,24,-9.134367489583333,1,0.6295334879166674,1.2680983541666677
POSCAR_24_atoms_24_582,24,-9.134257429583334,1,0.6296435479166664,1.2683184741666658
POSCAR_24_atoms_24_843,24,-9.13395552,1,0.6299454574999999,1.2689222933333326
POSCAR_24_atoms_24_410,24,-9.133859097083333,1,0.6300418804166679,1.2691151391666686
POSCAR_24_atoms_24_341,24,-9.13349428625,1,0.6304066912500002,1.2698447608333332
POSCAR_24_atoms_24_495,24,-9.133271874583334,1,0.6306291029166662,1.2702895841666653
POSCAR_24_atoms_24_417,24,-9.132527615833334,1,0.6313733616666664,1.2717781016666656
POSCAR_24_atoms_24_1038,24,-9.132121603333333,1,0.6317793741666673,1.2725901266666675
POSCAR_24_atoms_24_823,24,-9.132070780833333,1,0.6318301966666677,1.2726917716666684
POSCAR_24_atoms_24_402,24,-9.131634887916666,1,0.6322660895833341,1.273563557500001
POSCAR_24_atoms_24_959,24,-9.13121749875,1,0.6326834787499998,1.2743983358333324
POSCAR_24_atoms_24_762,24,-9.131063547916666,1,0.6328374295833346,1.274706237500002
POSCAR_24_atoms_24_593,24,-9.130644734166667,1,0.6332562433333333,1.2755438649999995
POSCAR_24_atoms_24_1033,24,-9.130245954583334,1,0.6336550229166669,1.2763414241666666
POSCAR_24_atoms_24_806,24,-9.129847919583334,1,0.6340530579166668,1.2771374941666664
POSCAR_24_atoms_24_681,24,-9.129710820833333,1,0.6341901566666674,1.2774116916666678
POSCAR_24_atoms_24_1117,24,-9.12858313625,1,0.63531784125,1.279667060833333
POSCAR_24_atoms_24_850,24,-9.1284131375,1,0.6354878399999997,1.2800070583333323
POSCAR_24_atoms_24_256,24,-9.12830002375,1,0.63560095375,1.280233285833333
POSCAR_24_atoms_24_252,24,-9.128130865833333,1,0.6357701116666679,1.2805716016666686
POSCAR_24_atoms_24_1171,24,-9.128022896666666,1,0.6358780808333346,1.2807875400000022
POSCAR_24_atoms_24_112,24,-9.127961615,1,0.6359393625000003,1.2809101033333334
POSCAR_24_atoms_24_758,24,-9.127524800416667,1,0.6363761770833332,1.2817837324999992
POSCAR_24_atoms_24_1133,24,-9.1275067125,1,0.6363942649999998,1.2818199083333326
POSCAR_24_atoms_24_979,24,-9.127260065,1,0.6366409125000008,1.2823132033333344
POSCAR_24_atoms_24_24,24,-9.127209112916667,1,0.6366918645833337,1.2824151075000003
POSCAR_24_atoms_24_779,24,-9.1264313875,1,0.6374695900000003,1.2839705583333334
POSCAR_24_atoms_24_197,24,-9.125994130833334,1,0.6379068466666666,1.2848450716666662
POSCAR_24_atoms_24_1143,24,-9.125576174583333,1,0.6383248029166673,1.2856809841666674
POSCAR_24_atoms_24_459,24,-9.12523644125,1,0.6386645362500012,1.2863604508333353
POSCAR_24_atoms_24_1009,24,-9.125187184166666,1,0.6387137933333342,1.2864589650000013
POSCAR_24_atoms_24_183,24,-9.1248679,1,0.6390330775000006,1.287097533333334
POSCAR_24_atoms_24_184,24,-9.124533026666667,1,0.6393679508333339,1.2877672800000006
POSCAR_24_atoms_24_891,24,-9.123456131666666,1,0.6404448458333345,1.289921070000002
POSCAR_24_atoms_24_542,24,-9.122197620416664,1,0.6417033570833368,1.2924380925000065
POSCAR_24_atoms_24_1169,24,-9.122165794166667,1,0.6417351833333331,1.2925017449999991
POSCAR_24_atoms_24_253,24,-9.12159177375,1,0.6423092037500009,1.2936497858333347
POSCAR_24_atoms_24_565,24,-9.121141758333334,1,0.6427592191666669,1.2945498166666667
POSCAR_24_atoms_24_813,24,-9.12081255375,1,0.643088423750001,1.2952082258333348
POSCAR_24_atoms_24_626,24,-9.120455105833333,1,0.6434458716666676,1.295923121666668
POSCAR_24_atoms_24_628,24,-9.119909627916668,1,0.6439913495833327,1.2970140774999983
POSCAR_24_atoms_24_1129,24,-9.119645847083332,1,0.6442551304166688,1.2975416391666705
POSCAR_24_atoms_24_223,24,-9.119401955416668,1,0.6444990220833322,1.2980294224999973
POSCAR_24_atoms_24_868,24,-9.119082178333334,1,0.6448187991666661,1.298668976666665
POSCAR_24_atoms_24_291,24,-9.11898759875,1,0.644913378750001,1.2988581358333349
POSCAR_24_atoms_24_645,24,-9.118018618333332,1,0.6458823591666683,1.3007960966666694
POSCAR_24_atoms_24_73,24,-9.1179766675,1,0.6459243099999998,1.3008799983333326
POSCAR_24_atoms_24_64,24,-9.116595152083333,1,0.6473058254166677,1.3036430291666683
POSCAR_24_atoms_24_398,24,-9.11619236375,1,0.6477086137499999,1.3044486058333327
POSCAR_24_atoms_24_649,24,-9.115479135,1,0.6484218425000012,1.3058750633333354
POSCAR_24_atoms_24_449,24,-9.115248424166667,1,0.6486525533333332,1.3063364849999992
POSCAR_24_atoms_24_177,24,-9.115129759583334,1,0.648771217916666,1.306573814166665
POSCAR_24_atoms_24_746,24,-9.11507949,1,0.6488214875000011,1.3066743533333351
POSCAR_24_atoms_24_674,24,-9.1142575325,1,0.6496434450000006,1.308318268333334
POSCAR_24_atoms_24_1158,24,-9.1140912675,1,0.6498097100000013,1.3086507983333355
POSCAR_24_atoms_24_497,24,-9.1140365275,1,0.6498644500000008,1.3087602783333345
POSCAR_24_atoms_24_1058,24,-9.113936972916667,1,0.6499640045833335,1.3089593874999998
POSCAR_24_atoms_24_100,24,-9.113774616666666,1,0.650126360833335,1.3092841000000028
POSCAR_24_atoms_24_1184,24,-9.11149632,1,0.6524046575,1.3138406933333329
POSCAR_24_atoms_24_506,24,-9.11138543375,1,0.6525155437500008,1.3140624658333344
POSCAR_24_atoms_24_890,24,-9.111279198333332,1,0.6526217791666689,1.3142749366666706
POSCAR_24_atoms_24_51,24,-9.111257002916666,1,0.6526439745833343,1.3143193275000016
POSCAR_24_atoms_24_292,24,-9.1107495425,1,0.6531514349999998,1.3153342483333326
POSCAR_24_atoms_24_139,24,-9.109638967083333,1,0.6542620104166676,1.3175553991666682
POSCAR_24_atoms_24_630,24,-9.108839507916667,1,0.6550614695833339,1.3191543175000007
POSCAR_24_atoms_24_54,24,-9.108386840416667,1,0.6555141370833333,1.3200596524999995
POSCAR_24_atoms_24_60,24,-9.10795640875,1,0.6559445687499998,1.3209205158333326
POSCAR_24_atoms_24_57,24,-9.107406415833333,1,0.6564945616666673,1.3220205016666675
POSCAR_24_atoms_24_783,24,-9.106418096666667,1,0.6574828808333333,1.3239971399999995
POSCAR_24_atoms_24_1031,24,-9.106400438333333,1,0.6575005391666675,1.324032456666668
POSCAR_24_atoms_24_576,24,-9.106362091666666,1,0.6575388858333344,1.3241091500000017
POSCAR_24_atoms_24_550,24,-9.105911712916667,1,0.6579892645833336,1.3250099075000001
POSCAR_24_atoms_24_619,24,-9.1055435775,1,0.6583573999999999,1.3257461783333326
POSCAR_24_atoms_24_872,24,-9.105522082083334,1,0.658378895416666,1.325789169166665
POSCAR_24_atoms_24_333,24,-9.10550203875,1,0.6583989387500004,1.3258292558333338
POSCAR_24_atoms_24_1125,24,-9.1054910425,1,0.6584099349999999,1.3258512483333327
POSCAR_24_atoms_24_29,24,-9.105319899583334,1,0.6585810779166668,1.3261935341666664
POSCAR_24_atoms_24_85,24,-9.10508020625,1,0.6588207712500012,1.3266729208333352
POSCAR_24_atoms_24_396,24,-9.104684623333332,1,0.6592163541666682,1.3274640866666694
POSCAR_24_atoms_24_918,24,-9.103724211666666,1,0.6601767658333344,1.3293849100000017
POSCAR_24_atoms_24_96,24,-9.10345728375,1,0.6604436937500004,1.3299187658333338
POSCAR_24_atoms_24_755,24,-9.103417059166668,1,0.6604839183333322,1.3299992149999973
POSCAR_24_atoms_24_307,24,-9.103239990416666,1,0.6606609870833342,1.3303533525000013
POSCAR_24_atoms_24_706,24,-9.10302500375,1,0.6608759737500005,1.330783325833334
POSCAR_24_atoms_24_932,24,-9.102470890416667,1,0.6614300870833336,1.3318915525000001
POSCAR_24_atoms_24_663,24,-9.10210616625,1,0.661794811250001,1.3326210008333348
POSCAR_24_atoms_24_236,24,-9.10200131625,1,0.6618996612500005,1.332830700833334
POSCAR_24_atoms_24_925,24,-9.101861182083333,1,0.6620397954166677,1.3331109691666683
POSCAR_24_atoms_24_411,24,-9.101616337083334,1,0.6622846404166669,1.3336006591666667
POSCAR_24_atoms_24_992,24,-9.101107716666666,1,0.6627932608333342,1.3346179000000014
POSCAR_24_atoms_24_832,24,-9.100401284166667,1,0.6634996933333337,1.3360307650000003
POSCAR_24_atoms_24_438,24,-9.100076006666667,1,0.6638249708333337,1.3366813200000003
POSCAR_24_atoms_24_482,24,-9.099916610416667,1,0.6639843670833336,1.3370001125000002
POSCAR_24_atoms_24_97,24,-9.099380199166667,1,0.6645207783333333,1.3380729349999996
POSCAR_24_atoms_24_1018,24,-9.099138295833333,1,0.6647626816666676,1.3385567416666682
POSCAR_24_atoms_24_951,24,-9.099081606666667,1,0.6648193708333334,1.3386701199999997
POSCAR_24_atoms_24_1002,24,-9.098679467083334,1,0.6652215104166661,1.339474399166665
POSCAR_24_atoms_24_1030,24,-9.098657501666667,1,0.6652434758333339,1.3395183300000006
POSCAR_24_atoms_24_53,24,-9.098275370833333,1,0.6656256066666675,1.3402825916666679
POSCAR_24_atoms_24_816,24,-9.098227203333334,1,0.6656737741666667,1.3403789266666664
POSCAR_24_atoms_24_203,24,-9.097986851666667,1,0.6659141258333339,1.3408596300000006
POSCAR_24_atoms_24_487,24,-9.097885787083333,1,0.6660151904166671,1.3410617591666671
POSCAR_24_atoms_24_855,24,-9.09779396375,1,0.6661070137500005,1.3412454058333338
POSCAR_24_atoms_24_1070,24,-9.0968103975,1,0.66709058,1.3432125383333329
POSCAR_24_atoms_24_288,24,-9.096493843333333,1,0.6674071341666679,1.3438456466666686
POSCAR_24_atoms_24_31,24,-9.096480990416667,1,0.6674199870833329,1.343871352499999
POSCAR_24_atoms_24_829,24,-9.09596901875,1,0.6679319587499997,1.3448952958333322
POSCAR_24_atoms_24_407,24,-9.094801898333333,1,0.6690990791666671,1.3472295366666671
POSCAR_24_atoms_24_263,24,-9.094543912916668,1,0.6693570645833322,1.3477455074999973
POSCAR_24_atoms_24_93,24,-9.093935560833334,1,0.6699654166666669,1.3489622116666666
POSCAR_24_atoms_24_146,24,-9.092950468333333,1,0.6709505091666674,1.3509323966666678
POSCAR_24_atoms_24_383,24,-9.092545942916667,1,0.6713550345833337,1.3517414475000002
POSCAR_24_atoms_24_172,24,-9.09196384375,1,0.6719371337500011,1.352905645833335
POSCAR_24_atoms_24_590,24,-9.091622234583333,1,0.6722787429166672,1.3535888641666673
POSCAR_24_atoms_24_612,24,-9.09133181875,1,0.6725691587500009,1.3541696958333347
POSCAR_24_atoms_24_1126,24,-9.091204874166666,1,0.672696103333335,1.3544235850000028
POSCAR_24_atoms_24_369,24,-9.090442684166666,1,0.6734582933333346,1.3559479650000021
POSCAR_24_atoms_24_161,24,-9.090325380833333,1,0.6735755966666677,1.3561825716666682
POSCAR_24_atoms_24_905,24,-9.089981716666667,1,0.6739192608333333,1.3568698999999995
POSCAR_24_atoms_24_413,24,-9.089591395833333,1,0.6743095816666678,1.3576505416666684
POSCAR_24_atoms_24_682,24,-9.089212302916666,1,0.6746886745833347,1.3584087275000023
POSCAR_24_atoms_24_859,24,-9.087837464166666,1,0.6760635133333341,1.3611584050000012
POSCAR_24_atoms_24_1181,24,-9.087575506666667,1,0.6763254708333335,1.36168232
POSCAR_24_atoms_24_910,24,-9.087246035,1,0.6766549425000008,1.3623412633333345
POSCAR_24_atoms_24_158,24,-9.08702556875,1,0.67687540875,1.3627821958333328
POSCAR_24_atoms_24_155,24,-9.086528145416667,1,0.6773728320833339,1.3637770425000006
POSCAR_24_atoms_24_886,24,-9.086418308333334,1,0.6774826691666664,1.3639967166666658
POSCAR_24_atoms_24_826,24,-9.085623327916666,1,0.6782776495833343,1.3655866775000014
POSCAR_24_atoms_24_180,24,-9.085601389166667,1,0.6782995883333331,1.3656305549999992
POSCAR_24_atoms_24_527,24,-9.085558372916667,1,0.6783426045833334,1.3657165874999997
POSCAR_24_atoms_24_205,24,-9.085524636666667,1,0.6783763408333332,1.3657840599999993
POSCAR_24_atoms_24_314,24,-9.08516545375,1,0.6787355237500012,1.3665024258333354
POSCAR_24_atoms_24_831,24,-9.085056737083333,1,0.6788442404166677,1.3667198591666683
POSCAR_24_atoms_24_48,24,-9.08489229375,1,0.6790086837500002,1.3670487458333334
POSCAR_24_atoms_24_924,24,-9.084852012916668,1,0.6790489645833322,1.3671293074999973
POSCAR_24_atoms_24_280,24,-9.08467883,1,0.6792221475000009,1.3674756733333346
POSCAR_24_atoms_24_887,24,-9.084542897916666,1,0.6793580795833343,1.3677475375000014
POSCAR_24_atoms_24_641,24,-9.0839938075,1,0.6799071699999999,1.3688457183333327
POSCAR_24_atoms_24_517,24,-9.083975319166667,1,0.6799256583333335,1.368882695
POSCAR_24_atoms_24_675,24,-9.083104559166667,1,0.6807964183333333,1.3706242149999994
POSCAR_24_atoms_24_553,24,-9.082117689583333,1,0.6817832879166676,1.3725979541666682
POSCAR_24_atoms_24_387,24,-9.08138816875,1,0.6825128087500012,1.3740569958333353
POSCAR_24_atoms_24_956,24,-9.08121481,1,0.6826861675,1.3744037133333329
POSCAR_24_atoms_24_633,24,-9.08075219125,1,0.6831487862500012,1.3753289508333353
POSCAR_24_atoms_24_797,24,-9.079809195833333,1,0.6840917816666678,1.3772149416666686
POSCAR_24_atoms_24_21,24,-9.07957447625,1,0.6843265012500002,1.3776843808333332
POSCAR_24_atoms_24_416,24,-9.078303681666666,1,0.6855972958333343,1.3802259700000015
POSCAR_24_atoms_24_953,24,-9.078163467916667,1,0.6857375095833333,1.3805063974999996
POSCAR_24_atoms_24_697,24,-9.07801941375,1,0.6858815637499998,1.3807945058333324
POSCAR_24_atoms_24_0,24,-9.076892960833334,1,0.6870080166666668,1.3830474116666664
POSCAR_24_atoms_24_1066,24,-9.075746816666667,1,0.6881541608333333,1.3853396999999994
POSCAR_24_atoms_24_699,24,-9.075357197916668,1,0.6885437795833322,1.3861189374999974
POSCAR_24_atoms_24_37,24,-9.074629269166666,1,0.6892717083333348,1.3875747950000026
POSCAR_24_atoms_24_915,24,-9.07336573625,1,0.6905352412500001,1.390101860833333
POSCAR_24_atoms_24_548,24,-9.071374582083333,1,0.6925263954166674,1.3940841691666677
POSCAR_24_atoms_24_138,24,-9.071184141666668,1,0.6927168358333322,1.3944650499999973
POSCAR_24_atoms_24_761,24,-9.070031127916666,1,0.6938698495833346,1.3967710775000022
POSCAR_24_atoms_24_1152,24,-9.069507476666667,1,0.6943935008333337,1.3978183800000004
POSCAR_24_atoms_24_140,24,-9.069277360416667,1,0.6946236170833338,1.3982786125000004
POSCAR_24_atoms_24_233,24,-9.068999839583332,1,0.6949011379166681,1.398833654166669
POSCAR_24_atoms_24_1199,24,-9.068572045416667,1,0.6953289320833331,1.3996892424999992
POSCAR_24_atoms_24_120,24,-9.068086300000001,1,0.6958146774999996,1.400660733333332
POSCAR_24_atoms_24_63,24,-9.066995544166668,1,0.6969054333333329,1.4028422449999987
POSCAR_24_atoms_24_882,24,-9.0668396575,1,0.6970613200000013,1.4031540183333355
POSCAR_24_atoms_24_384,24,-9.066699020833333,1,0.6972019566666674,1.4034352916666677
POSCAR_24_atoms_24_610,24,-9.066036083333334,1,0.697864894166667,1.4047611666666668
POSCAR_24_atoms_24_262,24,-9.065166721666666,1,0.6987342558333349,1.4064998900000028
POSCAR_24_atoms_24_376,24,-9.064592578333334,1,0.6993083991666662,1.4076481766666653
POSCAR_24_atoms_24_135,24,-9.06428226125,1,0.6996187162500007,1.4082688108333343
POSCAR_24_atoms_24_547,24,-9.064100879583334,1,0.6998000979166665,1.408631574166666
POSCAR_24_atoms_24_800,24,-9.063989094583333,1,0.699911882916668,1.4088551441666688
POSCAR_24_atoms_24_715,24,-9.063916380416666,1,0.6999845970833345,1.4090005725000019
POSCAR_24_atoms_24_671,24,-9.063817345833334,1,0.7000836316666668,1.4091986416666664
POSCAR_24_atoms_24_678,24,-9.063668395,1,0.7002325825,1.4094965433333329
POSCAR_24_atoms_24_350,24,-9.06347240625,1,0.7004285712500007,1.4098885208333343
POSCAR_24_atoms_24_695,24,-9.06314265875,1,0.700758318750001,1.410548015833335
POSCAR_24_atoms_24_601,24,-9.062883373333333,1,0.7010176041666671,1.4110665866666672
POSCAR_24_atoms_24_1010,24,-9.062762285833333,1,0.7011386916666673,1.4113087616666675
POSCAR_24_atoms_24_847,24,-9.062180364166666,1,0.7017206133333342,1.4124726050000014
POSCAR_24_atoms_24_185,24,-9.061042407916666,1,0.7028585695833343,1.4147485175000014
POSCAR_24_atoms_24_704,24,-9.06069052625,1,0.7032104512500013,1.4154522808333354
POSCAR_24_atoms_24_591,24,-9.0597373,1,0.7041636775000004,1.4173587333333337
POSCAR_24_atoms_24_757,24,-9.058884409166668,1,0.7050165683333329,1.4190645149999987
POSCAR_24_atoms_24_559,24,-9.058765105,1,0.7051358724999996,1.4193031233333322
POSCAR_24_atoms_24_486,24,-9.0579547625,1,0.7059462150000009,1.4209238083333346
POSCAR_24_atoms_24_243,24,-9.0575243975,1,0.7063765800000006,1.421784538333334
POSCAR_24_atoms_24_693,24,-9.057256394583334,1,0.7066445829166668,1.4223205441666664
POSCAR_24_atoms_24_997,24,-9.055521755416667,1,0.7083792220833338,1.4257898225000005
POSCAR_24_atoms_24_182,24,-9.055218322083332,1,0.7086826554166681,1.426396689166669
POSCAR_24_atoms_24_803,24,-9.05477956,1,0.7091214175000005,1.4272742133333338
POSCAR_24_atoms_24_278,24,-9.0542910275,1,0.7096099500000008,1.4282512783333345
POSCAR_24_atoms_24_132,24,-9.054062504583333,1,0.7098384729166671,1.4287083241666672
POSCAR_24_atoms_24_782,24,-9.053353842083334,1,0.7105471354166664,1.4301256491666656
POSCAR_24_atoms_24_1005,24,-9.0527583125,1,0.7111426650000006,1.431316708333334
POSCAR_24_atoms_24_711,24,-9.052706812916666,1,0.7111941645833344,1.4314197075000017
POSCAR_24_atoms_24_222,24,-9.05080046875,1,0.7131005087500011,1.435232395833335
POSCAR_24_atoms_24_969,24,-9.050748040833334,1,0.7131529366666669,1.4353372516666667
POSCAR_24_atoms_24_87,24,-9.049352145416666,1,0.7145488320833344,1.4381290425000017
POSCAR_24_atoms_24_713,24,-9.048013056666667,1,0.7158879208333335,1.44080722
POSCAR_24_atoms_24_545,24,-9.047421408333333,1,0.7164795691666672,1.4419905166666673
POSCAR_24_atoms_24_491,24,-9.04546005375,1,0.7184409237500002,1.4459132258333334
POSCAR_24_atoms_24_225,24,-9.0454492525,1,0.7184517250000013,1.4459348283333355
POSCAR_24_atoms_24_1124,24,-9.0453681175,1,0.7185328599999998,1.4460970983333326
POSCAR_24_atoms_24_358,24,-9.043749885,1,0.7201510925000001,1.449333563333333
POSCAR_24_atoms_24_1080,24,-9.043502754166667,1,0.7203982233333335,1.4498278249999998
POSCAR_24_atoms_24_461,24,-9.04144702625,1,0.7224539512500012,1.4539392808333353
POSCAR_24_atoms_24_940,24,-9.04144546,1,0.7224555175000003,1.4539424133333334
POSCAR_24_atoms_24_300,24,-9.040633967916667,1,0.7232670095833331,1.4555653974999991
POSCAR_24_atoms_24_840,24,-9.03984206875,1,0.7240589087500009,1.4571491958333347
POSCAR_24_atoms_24_1198,24,-9.03872115,1,0.7251798274999999,1.4593910333333326
POSCAR_24_atoms_24_568,24,-9.037299768333334,1,0.7266012091666667,1.4622337966666663
POSCAR_24_atoms_24_348,24,-9.035945914166666,1,0.7279550633333347,1.4649415050000023
POSCAR_24_atoms_24_191,24,-9.033423835416666,1,0.7304771420833341,1.469985662500001
POSCAR_24_atoms_24_170,24,-9.029314448333333,1,0.7345865291666679,1.478204436666669
POSCAR_24_atoms_24_1082,24,-9.028871083333334,1,0.7350298941666669,1.4790911666666666
POSCAR_24_atoms_24_1091,24,-9.027153256666667,1,0.7367477208333337,1.4825268200000004
POSCAR_24_atoms_24_982,24,-9.025549936666666,1,0.7383510408333347,1.4857334600000023
POSCAR_24_atoms_24_152,24,-9.02385905125,1,0.7400419262500009,1.4891152308333346
POSCAR_24_atoms_24_1015,24,-9.023519788333333,1,0.7403811891666674,1.4897937566666677
POSCAR_24_atoms_24_935,24,-9.023175785416667,1,0.7407251920833335,1.4904817625
POSCAR_24_atoms_24_430,24,-9.02317318,1,0.7407277975,1.4904869733333328
POSCAR_24_atoms_24_703,24,-9.0226828875,1,0.7412180900000003,1.4914675583333334
POSCAR_24_atoms_24_618,24,-9.020804847916667,1,0.7430961295833338,1.4952236375000005
POSCAR_24_atoms_24_49,24,-9.020731610416666,1,0.7431693670833344,1.4953701125000016
POSCAR_24_atoms_24_1119,24,-9.02028454375,1,0.7436164337500006,1.4962642458333342
POSCAR_24_atoms_24_90,24,-9.019309229166668,1,0.7445917483333329,1.4982148749999986
POSCAR_24_atoms_24_345,24,-9.01910156625,1,0.7447994112499998,1.4986302008333325
POSCAR_24_atoms_24_991,24,-9.017061475416666,1,0.7468395020833345,1.5027103825000019
POSCAR_24_atoms_24_1183,24,-9.015250324583333,1,0.7486506529166679,1.5063326841666687
POSCAR_24_atoms_24_658,24,-9.014722481666666,1,0.7491784958333341,1.507388370000001
POSCAR_24_atoms_24_403,24,-9.013821879166667,1,0.7500790983333339,1.5091895750000006
POSCAR_24_atoms_24_1196,24,-9.013719004166667,1,0.7501819733333335,1.5093953249999998
POSCAR_24_atoms_24_906,24,-9.013197325833334,1,0.750703651666667,1.5104386816666668
POSCAR_24_atoms_24_950,24,-9.012737598333333,1,0.7511633791666679,1.5113581366666686
POSCAR_24_atoms_24_707,24,-9.012013350416668,1,0.7518876270833328,1.5128066324999985
POSCAR_24_atoms_24_858,24,-9.0110803575,1,0.7528206200000014,1.5146726183333357
POSCAR_24_atoms_24_121,24,-9.010430613333334,1,0.7534703641666667,1.5159721066666663
POSCAR_24_atoms_24_857,24,-9.0099855525,1,0.7539154250000006,1.5168622283333342
POSCAR_24_atoms_24_955,24,-9.009741992916666,1,0.7541589845833343,1.5173493475000015
POSCAR_24_atoms_24_346,24,-9.00825741375,1,0.7556435637500005,1.520318505833334
POSCAR_24_atoms_24_744,24,-9.007983323333333,1,0.7559176541666677,1.5208666866666682
POSCAR_24_atoms_24_284,24,-9.0049475825,1,0.7589533950000007,1.5269381683333343
POSCAR_24_atoms_24_227,24,-9.001432390416666,1,0.7624685870833349,1.5339685525000029
POSCAR_24_atoms_24_215,24,-9.001261321666666,1,0.7626396558333344,1.5343106900000016
POSCAR_24_atoms_24_451,24,-9.001079225416666,1,0.7628217520833349,1.5346748825000027
POSCAR_24_atoms_24_239,24,-8.997854845416667,1,0.7660461320833338,1.5411236425000006
POSCAR_24_atoms_24_883,24,-8.992623880833333,1,0.7712770966666671,1.551585571666667
POSCAR_24_atoms_24_974,24,-8.991484520833334,1,0.7724164566666669,1.5538642916666667
POSCAR_24_atoms_24_442,24,-8.989541300416667,1,0.7743596770833339,1.5577507325000006
POSCAR_24_atoms_24_359,24,-8.988900062499997,1,0.7750009150000032,1.5590332083333394
POSCAR_24_atoms_24_79,24,-8.988610113333333,1,0.7752908641666671,1.5596131066666672
POSCAR_24_atoms_24_89,24,-8.987491189166667,1,0.7764097883333339,1.5618509550000006
POSCAR_24_atoms_24_639,24,-8.987056025,1,0.7768449525000012,1.5627212833333353
POSCAR_24_atoms_24_667,24,-8.961789527083333,1,0.8021114504166675,1.613254279166668
POSCAR_24_atoms_24_279,24,-8.959987950833334,1,0.8039130266666668,1.6168574316666664
POSCAR_24_atoms_24_538,24,-8.956686015416668,1,0.8072149620833322,1.6234613024999973
POSCAR_24_atoms_24_273,24,-8.951065245833332,1,0.8128357316666683,1.6347028416666696
POSCAR_24_atoms_24_202,24,-8.948939537500003,1,0.8149614399999976,1.638954258333328
POSCAR_24_atoms_24_1032,24,-8.941254864166668,1,0.8226461133333327,1.6543236049999983
POSCAR_24_atoms_24_116,24,-8.938467306249997,1,0.8254336712500034,1.6598987208333398
POSCAR_24_atoms_24_95,24,-8.938240381249997,1,0.8256605962500032,1.6603525708333393
POSCAR_24_atoms_24_134,24,-8.934421284583333,1,0.8294796929166672,1.6679907641666674
POSCAR_24_atoms_24_786,24,-8.920257685000003,1,0.8436432924999977,1.6963179633333283
POSCAR_24_atoms_24_1075,24,-8.91944198,1,0.8444589975000003,1.6979493733333335
POSCAR_24_atoms_24_817,24,-8.897079037916667,1,0.8668219395833336,1.7426752575000002
